Student_ID,Student_Name,Gender,Attendance_Percentage,Study_Hours,Math_Score,Science_Score,English_Score,Was_Imputed,Total_Score,Avg_Score,Subject_Std,Grade,Attendance_Band,Attendance_Band_Order,Study_Band,Best_Subject,Weakest_Subject,Failing_Subjects,All_Subjects_Passed,Score_Rank,Percentile,Performance_Tier,Study_Efficiency,Risk_Score,Risk_Level,Risk_Level_Order,Primary_Risk_Driver,Risk_Factors,Recommended_Action
STU-0001,Raj Sinha,Male,83.7,2.7,41.3,59.7,44.3,False,145.3,48.4,9.9,D,75-85%,3,2-4h,Science,Math,0,True,442,10.4,Lower Quartile,17.9,25,Low,3,Academic Score,Low average (48.4); Low study time (2.7h),Monitor
STU-0002,Trisha Iyer,Female,88.9,3.5,60.8,63.7,56.5,False,181.0,60.3,3.6,C,85-95%,4,2-4h,Science,English,0,True,309,37.4,Mid Range,17.2,8,Low,3,Academic Score,None,Monitor
STU-0003,Ira Verma,Female,84.9,4.4,57.5,47.6,67.6,False,172.7,57.6,10.0,C,75-85%,3,4-6h,English,Science,0,True,354,28.2,Mid Range,13.1,8,Low,3,Academic Score,None,Monitor
STU-0004,Raj Mehta,Male,89.2,3.9,68.2,72.2,73.1,False,213.5,71.2,2.6,B,85-95%,4,2-4h,English,Math,0,True,140,71.4,Mid Range,18.3,0,Low,3,None,None,Monitor
STU-0005,Veer Chauhan,Male,78.8,3.3,71.3,65.1,63.1,False,199.5,66.5,4.3,C,75-85%,3,2-4h,Math,English,0,True,214,56.5,Mid Range,20.2,0,Low,3,None,None,Monitor
STU-0006,Trisha Bhatt,Female,75.9,2.2,74.9,70.3,74.9,False,220.1,73.4,2.7,B,75-85%,3,2-4h,Math,Science,0,True,113,77.0,Upper Quartile,33.4,5,Low,3,Study Habits,Low study time (2.2h),Monitor
STU-0007,Ishaan Modi,Male,83.7,3.3,56.2,56.3,54.5,False,167.0,55.7,1.0,C,75-85%,3,2-4h,Science,English,0,True,375,23.8,Lower Quartile,16.9,8,Low,3,Academic Score,None,Monitor
STU-0008,Myra Bhatt,Female,77.7,3.1,55.2,56.6,53.2,False,165.0,55.0,1.7,C,75-85%,3,2-4h,Science,English,0,True,385,22.0,Lower Quartile,17.7,8,Low,3,Academic Score,None,Monitor
STU-0009,Nikhil Reddy,Male,75.6,6.3,65.2,55.8,69.4,True,190.4,63.5,7.0,C,75-85%,3,6h+,English,Science,0,True,255,48.3,Mid Range,10.1,8,Low,3,Academic Score,None,Monitor
STU-0010,Manav Gupta,Male,83.9,3.1,59.0,58.2,57.9,True,175.1,58.4,0.6,C,75-85%,3,2-4h,Math,English,0,True,339,31.1,Mid Range,18.8,8,Low,3,Academic Score,None,Monitor
STU-0011,Kavya Nair,Female,73.5,3.6,62.2,50.6,67.9,False,180.7,60.2,8.8,C,60-75%,2,2-4h,English,Science,0,True,310,37.1,Mid Range,16.7,28,Low,3,Attendance,Low attendance (74%),Monitor
STU-0012,Aanya Menon,Female,87.9,5.6,45.5,55.2,61.9,False,162.6,54.2,8.2,D,85-95%,4,4-6h,English,Math,0,True,391,20.7,Lower Quartile,9.7,20,Low,3,Academic Score,Low average (54.2),Monitor
STU-0013,Saanvi Shah,Female,92.5,5.8,75.7,84.5,73.8,False,234.0,78.0,5.7,B,85-95%,4,4-6h,Science,English,0,True,70,85.9,Upper Quartile,13.4,0,Low,3,None,None,Monitor
STU-0014,Meera Das,Female,91.8,3.3,77.8,66.3,71.7,False,215.8,71.9,5.8,B,85-95%,4,2-4h,Math,Science,0,True,135,72.7,Mid Range,21.8,0,Low,3,None,None,Monitor
STU-0015,Pooja Iyer,Female,81.6,3.6,58.1,51.7,58.2,False,168.0,56.0,3.7,C,75-85%,3,2-4h,English,Science,0,True,369,25.1,Mid Range,15.6,8,Low,3,Academic Score,None,Monitor
STU-0016,Anika Mehta,Female,65.5,1.6,46.3,45.0,57.6,False,148.9,49.6,6.9,D,60-75%,2,<2h,English,Science,0,True,436,11.6,Lower Quartile,31.0,50,Medium,2,Attendance,Low attendance (66%); Low average (49.6); Low study time (1.6h),Support: attendance contract + guardian outreach
STU-0017,Nisha Gupta,Female,79.5,2.2,60.0,62.9,70.4,False,193.3,64.4,5.4,C,75-85%,3,2-4h,English,Math,0,True,243,50.4,Mid Range,29.3,13,Low,3,Academic Score,Low study time (2.2h),Monitor
STU-0018,Jay Patel,Male,100.0,4.0,69.6,67.0,60.4,False,197.0,65.7,4.7,C,95-100%,5,4-6h,Math,English,0,True,224,54.5,Mid Range,16.4,0,Low,3,None,None,Monitor
STU-0019,Anika Parekh,Female,66.5,0.8,42.8,50.6,39.4,False,132.8,44.3,5.7,D,60-75%,2,<2h,Science,English,1,False,463,6.0,Lower Quartile,55.4,75,High,1,Academic Score,Low attendance (66%); Low average (44.3); Failing English; Low study time (0.8h),Escalate: structured tutoring plan
STU-0020,Raj Chauhan,Male,96.8,7.2,72.0,72.6,62.0,False,206.6,68.9,6.0,C,95-100%,5,6h+,Science,English,0,True,176,64.2,Mid Range,9.6,0,Low,3,None,None,Monitor
STU-0021,Riya Reddy,Female,83.9,4.0,74.2,70.7,68.6,True,213.5,71.2,2.8,B,75-85%,3,4-6h,Math,English,0,True,140,71.4,Mid Range,17.8,0,Low,3,None,None,Monitor
STU-0022,Rohan Jain,Male,87.4,7.2,78.9,80.0,70.5,False,229.4,76.5,5.2,B,85-95%,4,6h+,Science,English,0,True,82,83.5,Upper Quartile,10.6,0,Low,3,None,None,Monitor
STU-0023,Dev Pandey,Male,95.2,6.4,70.6,74.2,62.8,False,207.6,69.2,5.8,C,95-100%,5,6h+,Science,English,0,True,169,65.5,Mid Range,10.8,0,Low,3,None,None,Monitor
STU-0024,Kiara Bose,Female,93.3,6.7,82.6,74.8,78.1,False,235.5,78.5,3.9,B,85-95%,4,6h+,Math,Science,0,True,63,87.4,Upper Quartile,11.7,0,Low,3,None,None,Monitor
STU-0025,Zara Bose,Female,95.7,5.2,73.1,74.6,73.0,False,220.7,73.6,0.9,B,95-100%,5,4-6h,Science,English,0,True,111,77.6,Upper Quartile,14.2,0,Low,3,None,None,Monitor
STU-0026,Anika Agarwal,Female,92.1,6.5,71.6,67.6,65.1,True,204.3,68.1,3.3,C,85-95%,4,6h+,Math,English,0,True,191,61.4,Mid Range,10.5,0,Low,3,None,None,Monitor
STU-0027,Tanmay Vora,Male,94.4,6.7,90.4,89.2,83.0,False,262.6,87.5,4.0,A,85-95%,4,6h+,Math,English,0,True,10,98.2,Top 10%,13.1,0,Low,3,None,None,Monitor
STU-0028,Pooja Parekh,Female,85.9,3.4,59.6,60.8,63.0,False,183.4,61.1,1.7,C,85-95%,4,2-4h,English,Math,0,True,296,39.8,Mid Range,18.0,8,Low,3,Academic Score,None,Monitor
STU-0029,Tara Trivedi,Female,81.4,3.3,76.4,69.9,63.8,False,210.1,70.0,6.3,B,75-85%,3,2-4h,Math,English,0,True,158,68.1,Mid Range,21.2,0,Low,3,None,None,Monitor
STU-0030,Manav Thakur,Male,89.8,4.6,72.1,58.9,58.2,False,189.2,63.1,7.8,C,85-95%,4,4-6h,Math,English,0,True,262,46.8,Mid Range,13.7,8,Low,3,Academic Score,None,Monitor
STU-0031,Dhruv Mehta,Male,75.3,3.5,52.5,58.6,61.8,False,172.9,57.6,4.7,C,75-85%,3,2-4h,English,Math,0,True,354,28.2,Mid Range,16.5,8,Low,3,Academic Score,None,Monitor
STU-0032,Jay Modi,Male,71.5,2.9,72.2,53.4,67.6,False,193.2,64.4,9.8,C,60-75%,2,2-4h,Math,Science,0,True,243,50.4,Mid Range,22.2,33,Medium,2,Attendance,Low attendance (72%); Low study time (2.9h),Support: attendance contract + guardian outreach
STU-0033,Reyansh Bose,Male,83.0,1.7,65.0,65.2,59.5,False,189.7,63.2,3.2,C,75-85%,3,<2h,Science,English,0,True,260,47.3,Mid Range,37.2,18,Low,3,Study Habits,Low study time (1.7h),Monitor
STU-0034,Kiara Mehta,Female,84.3,3.8,60.6,60.5,65.1,True,186.2,62.1,2.6,C,75-85%,3,2-4h,English,Science,0,True,285,42.1,Mid Range,16.3,8,Low,3,Academic Score,None,Monitor
STU-0035,Pooja Rana,Female,87.9,6.3,65.4,68.9,70.4,False,204.7,68.2,2.6,C,85-95%,4,6h+,English,Math,0,True,189,61.7,Mid Range,10.8,0,Low,3,None,None,Monitor
STU-0036,Dev Menon,Male,73.8,3.2,48.0,59.6,61.5,False,169.1,56.4,7.3,C,60-75%,2,2-4h,English,Math,0,True,367,25.6,Mid Range,17.6,28,Low,3,Attendance,Low attendance (74%),Monitor
STU-0037,Anika Verma,Female,85.6,4.0,66.5,65.5,71.6,False,203.6,67.9,3.3,C,85-95%,4,4-6h,English,Science,0,True,194,60.7,Mid Range,17.0,0,Low,3,None,None,Monitor
STU-0038,Tara Chauhan,Female,90.6,4.6,65.2,62.9,70.7,False,198.8,66.3,4.0,C,85-95%,4,4-6h,English,Science,0,True,217,55.9,Mid Range,14.4,0,Low,3,None,None,Monitor
STU-0039,Ayaan Menon,Male,95.8,4.6,72.9,70.1,73.3,False,216.3,72.1,1.7,B,95-100%,5,4-6h,English,Science,0,True,132,73.3,Mid Range,15.7,0,Low,3,None,None,Monitor
STU-0040,Priya Bose,Female,88.1,5.6,68.0,73.1,77.7,False,218.8,72.9,4.9,B,85-95%,4,4-6h,English,Math,0,True,120,75.7,Upper Quartile,13.0,0,Low,3,None,None,Monitor
STU-0041,Harsh Desai,Male,91.1,7.1,74.1,79.8,84.8,False,238.7,79.6,5.4,B,85-95%,4,6h+,English,Math,0,True,51,89.7,Upper Quartile,11.2,0,Low,3,None,None,Monitor
STU-0042,Jiya Reddy,Female,79.6,3.0,50.8,50.4,49.1,False,150.3,50.1,0.9,D,75-85%,3,2-4h,Math,English,0,True,431,12.5,Lower Quartile,16.7,20,Low,3,Academic Score,Low average (50.1),Monitor
STU-0043,Myra Agarwal,Female,85.1,5.7,69.8,75.1,72.1,False,217.0,72.3,2.7,B,85-95%,4,4-6h,Science,Math,0,True,129,74.0,Mid Range,12.7,0,Low,3,None,None,Monitor
STU-0044,Aarav Verma,Male,91.5,5.5,85.4,73.9,79.6,False,238.9,79.6,5.8,B,85-95%,4,4-6h,Math,Science,0,True,51,89.7,Upper Quartile,14.5,0,Low,3,None,None,Monitor
STU-0045,Ayaan Iyer,Male,68.9,3.7,64.7,51.2,53.9,False,169.8,56.6,7.1,C,60-75%,2,2-4h,Math,Science,0,True,365,25.9,Mid Range,15.3,28,Low,3,Attendance,Low attendance (69%),Monitor
STU-0046,Aanya Sharma,Female,100.0,6.1,79.0,85.0,74.1,False,238.1,79.4,5.5,B,95-100%,5,6h+,Science,English,0,True,53,89.3,Upper Quartile,13.0,0,Low,3,None,None,Monitor
STU-0047,Jay Shah,Male,80.1,1.3,51.7,36.8,52.9,False,141.4,47.1,9.0,D,75-85%,3,<2h,English,Science,1,False,447,9.3,Lower Quartile,36.2,40,Medium,2,Academic Score,Low average (47.1); Failing Science; Low study time (1.3h),Support: structured tutoring plan
STU-0048,Isha Singh,Female,98.7,4.4,65.4,72.9,77.7,False,216.0,72.0,6.2,B,95-100%,5,4-6h,English,Math,0,True,134,73.0,Mid Range,16.4,0,Low,3,None,None,Monitor
STU-0049,Isha Jain,Female,69.6,2.6,44.4,48.6,47.2,False,140.2,46.7,2.1,D,60-75%,2,2-4h,Science,Math,0,True,449,8.8,Lower Quartile,18.0,45,Medium,2,Attendance,Low attendance (70%); Low average (46.7); Low study time (2.6h),Support: attendance contract + guardian outreach
STU-0050,Aditi Jain,Female,71.7,3.8,66.4,54.7,67.2,True,188.3,62.8,7.0,C,60-75%,2,2-4h,English,Science,0,True,269,45.3,Mid Range,16.5,28,Low,3,Attendance,Low attendance (72%),Monitor
STU-0051,Kiara Malhotra,Female,69.8,2.3,51.6,51.7,73.6,False,176.9,59.0,12.7,C,60-75%,2,2-4h,English,Math,0,True,330,33.0,Mid Range,25.7,33,Medium,2,Attendance,Low attendance (70%); Low study time (2.3h),Support: attendance contract + guardian outreach
STU-0052,Aarav Nair,Male,79.1,4.2,50.9,54.7,61.2,False,166.8,55.6,5.2,C,75-85%,3,4-6h,English,Math,0,True,378,23.3,Lower Quartile,13.2,8,Low,3,Academic Score,None,Monitor
STU-0053,Reyansh Sharma,Male,84.7,2.1,63.7,73.5,70.5,False,207.7,69.2,5.0,C,75-85%,3,2-4h,Science,Math,0,True,169,65.5,Mid Range,33.0,5,Low,3,Study Habits,Low study time (2.1h),Monitor
STU-0054,Dev Verma,Male,88.8,4.3,63.7,55.2,62.8,False,181.7,60.6,4.7,C,85-95%,4,4-6h,Math,Science,0,True,304,38.0,Mid Range,14.1,8,Low,3,Academic Score,None,Monitor
STU-0055,Arjun Iyer,Male,81.2,2.1,48.7,45.6,42.2,False,136.5,45.5,3.3,D,75-85%,3,2-4h,Math,English,0,True,457,7.2,Lower Quartile,21.7,25,Low,3,Academic Score,Low average (45.5); Low study time (2.1h),Monitor
STU-0056,Harsh Joshi,Male,96.2,5.4,76.9,69.4,65.7,False,212.0,70.7,5.7,B,95-100%,5,4-6h,Math,English,0,True,148,69.9,Mid Range,13.1,0,Low,3,None,None,Monitor
STU-0057,Kavya Sharma,Female,87.0,4.8,73.2,76.2,70.3,False,219.7,73.2,3.0,B,85-95%,4,4-6h,Science,English,0,True,116,76.6,Upper Quartile,15.3,0,Low,3,None,None,Monitor
STU-0058,Vihaan Shah,Male,74.3,4.0,65.5,66.1,64.8,False,196.4,65.5,0.7,C,60-75%,2,4-6h,Science,English,0,True,227,54.0,Mid Range,16.4,20,Low,3,Attendance,Low attendance (74%),Monitor
STU-0059,Sneha Jain,Female,76.6,4.4,50.7,58.9,56.6,False,166.2,55.4,4.2,C,75-85%,3,4-6h,Science,Math,0,True,380,22.9,Lower Quartile,12.6,8,Low,3,Academic Score,None,Monitor
STU-0060,Vanya Pandey,Female,81.7,3.5,63.5,55.5,60.5,False,179.5,59.8,4.0,C,75-85%,3,2-4h,Math,Science,0,True,318,35.5,Mid Range,17.1,8,Low,3,Academic Score,None,Monitor
STU-0061,Myra Bose,Female,77.3,5.0,65.5,56.9,69.3,False,191.7,63.9,6.4,C,75-85%,3,4-6h,English,Science,0,True,250,49.3,Mid Range,12.8,8,Low,3,Academic Score,None,Monitor
STU-0062,Saanvi Parekh,Female,95.1,4.1,65.2,63.4,59.1,True,187.7,62.6,3.1,C,95-100%,5,4-6h,Math,English,0,True,275,44.0,Mid Range,15.3,8,Low,3,Academic Score,None,Monitor
STU-0063,Kunal Kulkarni,Male,95.4,4.8,65.2,94.7,76.8,True,236.7,78.9,14.9,B,95-100%,5,4-6h,Science,Math,0,True,56,88.7,Upper Quartile,16.4,0,Low,3,None,None,Monitor
STU-0064,Sara Shah,Female,99.8,5.6,76.4,89.2,92.9,False,258.5,86.2,8.7,A,95-100%,5,4-6h,English,Math,0,True,17,96.7,Top 10%,15.4,0,Low,3,None,None,Monitor
STU-0065,Parth Singh,Male,86.5,4.0,79.4,73.1,71.3,False,223.8,74.6,4.3,B,85-95%,4,4-6h,Math,English,0,True,97,80.5,Upper Quartile,18.6,0,Low,3,None,None,Monitor
STU-0066,Rohan Patel,Male,93.1,3.9,92.2,87.6,88.4,False,268.2,89.4,2.5,A,85-95%,4,2-4h,Math,Science,0,True,6,99.0,Top 10%,22.9,0,Low,3,None,None,Monitor
STU-0067,Shreya Malhotra,Female,85.1,3.2,48.5,49.8,54.8,False,153.1,51.0,3.3,D,85-95%,4,2-4h,English,Math,0,True,421,14.5,Lower Quartile,15.9,20,Low,3,Academic Score,Low average (51.0),Monitor
STU-0068,Karan Kapoor,Male,86.2,4.7,70.6,58.9,72.4,False,201.9,67.3,7.3,C,85-95%,4,4-6h,English,Science,0,True,202,58.9,Mid Range,14.3,0,Low,3,None,None,Monitor
STU-0069,Sahil Malhotra,Male,78.4,4.7,64.1,64.6,64.6,False,193.3,64.4,0.3,C,75-85%,3,4-6h,Science,Math,0,True,243,50.4,Mid Range,13.7,8,Low,3,Academic Score,None,Monitor
STU-0070,Arjun Nair,Male,87.4,4.6,50.8,70.6,67.5,False,188.9,63.0,10.7,C,85-95%,4,4-6h,Science,Math,0,True,264,46.2,Mid Range,13.7,8,Low,3,Academic Score,None,Monitor
STU-0071,Meera Agarwal,Female,85.4,5.5,73.5,73.6,75.8,False,222.9,74.3,1.3,B,85-95%,4,4-6h,English,Math,0,True,100,79.7,Upper Quartile,13.5,0,Low,3,None,None,Monitor
STU-0072,Jay Rana,Male,66.9,4.1,47.8,50.6,46.0,False,144.4,48.1,2.3,D,60-75%,2,4-6h,Science,English,0,True,444,10.0,Lower Quartile,11.7,40,Medium,2,Attendance,Low attendance (67%); Low average (48.1),Support: attendance contract + guardian outreach
STU-0073,Dhruv Parekh,Male,84.7,3.6,60.2,55.7,62.8,False,178.7,59.6,3.6,C,75-85%,3,2-4h,English,Science,0,True,322,34.6,Mid Range,16.6,8,Low,3,Academic Score,None,Monitor
STU-0074,Rahul Pandey,Male,63.3,1.9,52.4,54.0,43.8,False,150.2,50.1,5.5,D,60-75%,2,<2h,Science,English,0,True,431,12.5,Lower Quartile,26.4,65,High,1,Attendance,Low attendance (63%); Low average (50.1); Low study time (1.9h),Escalate: attendance contract + guardian outreach
STU-0075,Aditi Sharma,Female,80.2,1.2,50.1,45.9,48.1,False,144.1,48.0,2.1,D,75-85%,3,<2h,Math,Science,0,True,445,9.8,Lower Quartile,40.0,30,Medium,2,Academic Score,Low average (48.0); Low study time (1.2h),Support: structured tutoring plan
STU-0076,Krish Thakur,Male,90.4,4.0,78.1,71.0,74.4,False,223.5,74.5,3.6,B,85-95%,4,4-6h,Math,Science,0,True,98,80.3,Upper Quartile,18.6,0,Low,3,None,None,Monitor
STU-0077,Nikhil Singh,Male,85.1,3.4,44.1,47.2,59.3,False,150.6,50.2,8.0,D,85-95%,4,2-4h,English,Math,0,True,429,12.9,Lower Quartile,14.8,20,Low,3,Academic Score,Low average (50.2),Monitor
STU-0078,Dev Nair,Male,86.5,5.6,89.4,93.3,94.2,False,276.9,92.3,2.6,A,85-95%,4,4-6h,English,Math,0,True,2,99.8,Top 10%,16.5,0,Low,3,None,None,Monitor
STU-0079,Isha Iyer,Female,76.3,3.1,56.6,62.2,53.7,False,172.5,57.5,4.3,C,75-85%,3,2-4h,Science,English,0,True,356,27.6,Mid Range,18.5,8,Low,3,Academic Score,None,Monitor
STU-0080,Ritika Bose,Female,83.8,3.8,63.4,57.4,59.5,False,180.3,60.1,3.0,C,75-85%,3,2-4h,Math,Science,0,True,312,36.6,Mid Range,15.8,8,Low,3,Academic Score,None,Monitor
STU-0081,Kiara Pandey,Female,68.4,3.9,53.7,54.7,59.1,False,167.5,55.8,2.9,C,60-75%,2,2-4h,English,Math,0,True,372,24.4,Lower Quartile,14.3,28,Low,3,Attendance,Low attendance (68%),Monitor
STU-0082,Dhruv Trivedi,Male,84.1,1.8,74.5,70.2,68.8,False,213.5,71.2,3.0,B,75-85%,3,<2h,Math,English,0,True,140,71.4,Mid Range,39.6,10,Low,3,Study Habits,Low study time (1.8h),Monitor
STU-0083,Neel Malhotra,Male,80.5,2.0,69.0,68.4,70.3,False,207.7,69.2,1.0,C,75-85%,3,2-4h,English,Science,0,True,169,65.5,Mid Range,34.6,5,Low,3,Study Habits,Low study time (2.0h),Monitor
STU-0084,Aditi Trivedi,Female,77.5,4.8,67.2,73.7,71.2,False,212.1,70.7,3.3,B,75-85%,3,4-6h,Science,Math,0,True,148,69.9,Mid Range,14.7,0,Low,3,None,None,Monitor
STU-0085,Ananya Bhatt,Female,79.6,2.9,38.6,45.5,44.2,False,128.3,42.8,3.7,D,75-85%,3,2-4h,Science,Math,1,False,470,4.7,Lower Quartile,14.8,50,Medium,2,Academic Score,Low average (42.8); Failing Math; Low study time (2.9h),Support: structured tutoring plan
STU-0086,Shreya Agarwal,Female,87.3,4.3,66.0,59.0,77.5,False,202.5,67.5,9.3,C,85-95%,4,4-6h,English,Science,0,True,199,59.7,Mid Range,15.7,0,Low,3,None,None,Monitor
STU-0087,Sahil Patel,Male,63.5,1.6,45.4,38.2,38.7,False,122.3,40.8,4.0,D,60-75%,2,<2h,Math,Science,2,False,475,3.7,Lower Quartile,25.5,100,High,1,Attendance,Low attendance (64%); Low average (40.8); Failing Science/English; Low study time (1.6h),Escalate: attendance contract + guardian outreach
STU-0088,Veer Parekh,Male,75.1,2.8,63.0,73.4,69.6,False,206.0,68.7,5.3,C,75-85%,3,2-4h,Science,Math,0,True,180,63.4,Mid Range,24.5,5,Low,3,Study Habits,Low study time (2.8h),Monitor
STU-0089,Sneha Nair,Female,98.0,7.8,94.6,87.6,89.9,False,272.1,90.7,3.6,A,95-100%,5,6h+,Math,Science,0,True,4,99.4,Top 10%,11.6,0,Low,3,None,None,Monitor
STU-0090,Tara Agarwal,Female,91.4,4.8,76.7,67.1,84.1,False,227.9,76.0,8.5,B,85-95%,4,4-6h,English,Science,0,True,86,82.6,Upper Quartile,15.8,0,Low,3,None,None,Monitor
STU-0091,Raj Jain,Male,98.1,6.2,64.2,51.0,56.2,False,171.4,57.1,6.6,C,95-100%,5,6h+,Math,Science,0,True,362,26.6,Mid Range,9.2,8,Low,3,Academic Score,None,Monitor
STU-0092,Naina Jain,Female,76.3,2.4,30.7,59.6,50.1,False,140.4,46.8,14.7,D,75-85%,3,2-4h,Science,Math,1,False,448,9.1,Lower Quartile,19.5,35,Medium,2,Academic Score,Low average (46.8); Failing Math; Low study time (2.4h),Support: structured tutoring plan
STU-0093,Ananya Pandey,Female,88.8,5.6,70.3,82.9,81.6,False,234.8,78.3,6.9,B,85-95%,4,4-6h,Science,Math,0,True,65,86.7,Upper Quartile,14.0,0,Low,3,None,None,Monitor
STU-0094,Vihaan Bose,Male,54.2,0.5,63.2,55.0,43.3,False,161.5,53.8,10.0,D,<60%,1,<2h,Math,English,0,True,397,19.3,Lower Quartile,107.6,65,High,1,Attendance,Low attendance (54%); Low average (53.8); Low study time (0.5h),Escalate: attendance contract + guardian outreach
STU-0095,Pihu Chauhan,Female,94.7,6.2,81.9,91.0,90.2,False,263.1,87.7,5.0,A,85-95%,4,6h+,Science,Math,0,True,9,98.4,Top 10%,14.1,0,Low,3,None,None,Monitor
STU-0096,Nikhil Thakur,Male,67.4,2.2,31.4,45.3,51.0,False,127.7,42.6,10.1,D,60-75%,2,2-4h,English,Math,1,False,471,4.5,Lower Quartile,19.4,70,High,1,Academic Score,Low attendance (67%); Low average (42.6); Failing Math; Low study time (2.2h),Escalate: structured tutoring plan
STU-0097,Tanmay Thakur,Male,85.0,1.4,65.9,55.5,53.5,False,174.9,58.3,6.7,C,85-95%,4,<2h,Math,English,0,True,342,30.6,Mid Range,41.6,18,Low,3,Study Habits,Low study time (1.4h),Monitor
STU-0098,Naina Gupta,Female,91.6,3.3,71.5,70.5,76.8,False,218.8,72.9,3.4,B,85-95%,4,2-4h,English,Science,0,True,120,75.7,Upper Quartile,22.1,0,Low,3,None,None,Monitor
STU-0099,Ananya Nair,Female,75.1,1.8,48.1,38.9,28.0,False,115.0,38.3,10.1,F,75-85%,3,<2h,Math,English,2,False,484,1.7,Lower Quartile,21.3,65,High,1,Academic Score,Low average (38.3); Failing Science/English; Low study time (1.8h),Escalate: structured tutoring plan
STU-0100,Harsh Malhotra,Male,67.3,1.9,54.8,67.4,50.9,False,173.1,57.7,8.6,C,60-75%,2,<2h,Science,English,0,True,351,28.7,Mid Range,30.4,38,Medium,2,Attendance,Low attendance (67%); Low study time (1.9h),Support: attendance contract + guardian outreach
STU-0101,Naina Nair,Female,61.1,1.6,52.7,53.3,51.1,False,157.1,52.4,1.1,D,60-75%,2,<2h,Science,English,0,True,413,16.2,Lower Quartile,32.8,65,High,1,Attendance,Low attendance (61%); Low average (52.4); Low study time (1.6h),Escalate: attendance contract + guardian outreach
STU-0102,Kunal Kapoor,Male,86.3,1.9,58.9,52.5,49.9,False,161.3,53.8,4.6,D,85-95%,4,<2h,Math,English,0,True,397,19.3,Lower Quartile,28.3,30,Medium,2,Academic Score,Low average (53.8); Low study time (1.9h),Support: structured tutoring plan
STU-0103,Sara Kapoor,Female,83.8,4.6,58.7,57.3,64.0,False,180.0,60.0,3.5,C,75-85%,3,4-6h,English,Science,0,True,315,36.2,Mid Range,13.0,8,Low,3,Academic Score,None,Monitor
STU-0104,Siddharth Pandey,Male,90.1,6.7,91.6,70.3,73.9,False,235.8,78.6,11.4,B,85-95%,4,6h+,Math,Science,0,True,59,87.9,Upper Quartile,11.7,0,Low,3,None,None,Monitor
STU-0105,Saanvi Verma,Female,86.5,3.7,68.0,71.2,64.1,False,203.3,67.8,3.6,C,85-95%,4,2-4h,Science,English,0,True,196,60.4,Mid Range,18.3,0,Low,3,None,None,Monitor
STU-0106,Zara Vora,Female,90.5,3.8,55.6,61.1,65.8,False,182.5,60.8,5.1,C,85-95%,4,2-4h,English,Math,0,True,303,38.6,Mid Range,16.0,8,Low,3,Academic Score,None,Monitor
STU-0107,Meera Bhatt,Female,81.2,3.0,58.7,59.0,47.5,False,165.2,55.1,6.6,C,75-85%,3,2-4h,Science,English,0,True,382,22.4,Lower Quartile,18.4,8,Low,3,Academic Score,None,Monitor
STU-0108,Avni Thakur,Female,86.9,5.2,74.7,74.2,64.0,False,212.9,71.0,6.0,B,85-95%,4,4-6h,Math,English,0,True,145,70.6,Mid Range,13.7,0,Low,3,None,None,Monitor
STU-0109,Siddharth Mehta,Male,82.6,1.2,61.8,55.4,58.3,False,175.5,58.5,3.2,C,75-85%,3,<2h,Math,Science,0,True,337,31.6,Mid Range,48.8,18,Low,3,Study Habits,Low study time (1.2h),Monitor
STU-0110,Aanya Trivedi,Female,86.5,3.7,65.0,68.2,57.9,False,191.1,63.7,5.3,C,85-95%,4,2-4h,Science,English,0,True,253,48.7,Mid Range,17.2,8,Low,3,Academic Score,None,Monitor
STU-0111,Jay Sharma,Male,77.9,1.7,60.4,51.9,46.8,False,159.1,53.0,6.9,D,75-85%,3,<2h,Math,English,0,True,409,17.1,Lower Quartile,31.2,30,Medium,2,Academic Score,Low average (53.0); Low study time (1.7h),Support: structured tutoring plan
STU-0112,Pihu Agarwal,Female,68.0,3.8,60.8,54.9,55.8,True,171.5,57.2,3.2,C,60-75%,2,2-4h,Math,Science,0,True,361,26.8,Mid Range,15.1,28,Low,3,Attendance,Low attendance (68%),Monitor
STU-0113,Aanya Reddy,Female,82.1,3.3,77.6,58.7,75.6,False,211.9,70.6,10.4,B,75-85%,3,2-4h,Math,Science,0,True,151,69.4,Mid Range,21.4,0,Low,3,None,None,Monitor
STU-0114,Rohan Bose,Male,93.6,4.4,53.6,53.9,60.7,False,168.2,56.1,4.0,C,85-95%,4,4-6h,English,Math,0,True,368,25.4,Mid Range,12.8,8,Low,3,Academic Score,None,Monitor
STU-0115,Aditi Iyer,Female,53.5,2.0,47.7,59.7,50.4,False,157.8,52.6,6.3,D,<60%,1,2-4h,Science,Math,0,True,410,16.9,Lower Quartile,26.3,60,High,1,Attendance,Low attendance (54%); Low average (52.6); Low study time (2.0h),Escalate: attendance contract + guardian outreach
STU-0116,Kavya Singh,Male,82.4,7.7,78.2,79.4,90.9,False,248.5,82.8,7.0,B,75-85%,3,6h+,English,Math,0,True,29,94.3,Top 10%,10.8,0,Low,3,None,None,Monitor
STU-0117,Aarav Gupta,Male,83.7,5.8,71.8,68.5,68.3,False,208.6,69.5,2.0,C,75-85%,3,4-6h,Math,English,0,True,163,67.0,Mid Range,12.0,0,Low,3,None,None,Monitor
STU-0118,Ishaan Pandey,Male,93.1,6.3,80.8,81.5,90.2,False,252.5,84.2,5.2,B,85-95%,4,6h+,English,Math,0,True,20,95.9,Top 10%,13.4,0,Low,3,None,None,Monitor
STU-0119,Ayaan Trivedi,Male,85.2,2.5,30.8,52.5,37.2,False,120.5,40.2,11.2,D,85-95%,4,2-4h,Science,Math,2,False,479,2.8,Lower Quartile,16.1,60,High,1,Academic Score,Low average (40.2); Failing Math/English; Low study time (2.5h),Escalate: structured tutoring plan
STU-0120,Ishaan Kapoor,Male,84.3,5.2,55.7,60.9,62.8,False,179.4,59.8,3.7,C,75-85%,3,4-6h,English,Math,0,True,318,35.5,Mid Range,11.5,8,Low,3,Academic Score,None,Monitor
STU-0121,Raj Verma,Male,84.5,2.1,63.3,62.9,56.6,False,182.8,60.9,3.8,C,75-85%,3,2-4h,Math,English,0,True,300,39.0,Mid Range,29.0,13,Low,3,Academic Score,Low study time (2.1h),Monitor
STU-0122,Meera Desai,Female,69.0,3.4,55.0,56.4,54.8,False,166.2,55.4,0.9,C,60-75%,2,2-4h,Science,English,0,True,380,22.9,Lower Quartile,16.3,28,Low,3,Attendance,Low attendance (69%),Monitor
STU-0123,Ritika Desai,Female,87.4,4.0,78.8,70.7,68.9,False,218.4,72.8,5.3,B,85-95%,4,4-6h,Math,English,0,True,122,75.2,Upper Quartile,18.2,0,Low,3,None,None,Monitor
STU-0124,Pranav Das,Male,78.1,0.5,47.4,41.9,47.0,False,136.3,45.4,3.1,D,75-85%,3,<2h,Math,Science,0,True,459,6.9,Lower Quartile,90.8,30,Medium,2,Academic Score,Low average (45.4); Low study time (0.5h),Support: structured tutoring plan
STU-0125,Riya Sharma,Female,68.1,3.0,68.4,59.1,60.7,False,188.2,62.7,5.0,C,60-75%,2,2-4h,Math,Science,0,True,272,44.7,Mid Range,20.9,28,Low,3,Attendance,Low attendance (68%),Monitor
STU-0126,Meera Bose,Female,82.7,5.0,76.9,81.2,81.7,False,239.8,79.9,2.6,B,75-85%,3,4-6h,English,Math,0,True,44,91.0,Top 10%,16.0,0,Low,3,None,None,Monitor
STU-0127,Ishaan Sharma,Male,80.5,4.3,75.6,74.3,65.1,False,215.0,71.7,5.7,B,75-85%,3,4-6h,Math,English,0,True,137,72.4,Mid Range,16.7,0,Low,3,None,None,Monitor
STU-0128,Ritika Malhotra,Female,79.6,2.4,56.8,49.2,61.9,False,167.9,56.0,6.4,C,75-85%,3,2-4h,English,Science,0,True,369,25.1,Mid Range,23.3,13,Low,3,Academic Score,Low study time (2.4h),Monitor
STU-0129,Tara Thakur,Female,91.4,5.9,68.7,55.3,66.1,False,190.1,63.4,7.1,C,85-95%,4,4-6h,Math,Science,0,True,257,47.8,Mid Range,10.7,8,Low,3,Academic Score,None,Monitor
STU-0130,Naina Menon,Female,100.0,6.7,86.9,87.2,89.2,False,263.3,87.8,1.3,A,95-100%,5,6h+,English,Math,0,True,8,98.6,Top 10%,13.1,0,Low,3,None,None,Monitor
STU-0131,Pooja Thakur,Female,80.5,0.5,60.8,68.2,58.2,False,187.2,62.4,5.2,C,75-85%,3,<2h,Science,English,0,True,280,43.3,Mid Range,124.8,18,Low,3,Study Habits,Low study time (0.5h),Monitor
STU-0132,Pihu Bhatt,Female,83.0,2.9,66.8,53.1,68.5,False,188.4,62.8,8.4,C,75-85%,3,2-4h,English,Science,0,True,269,45.3,Mid Range,21.7,13,Low,3,Academic Score,Low study time (2.9h),Monitor
STU-0133,Dev Das,Male,96.4,4.9,66.6,68.5,69.6,False,204.7,68.2,1.5,C,95-100%,5,4-6h,English,Math,0,True,189,61.7,Mid Range,13.9,0,Low,3,None,None,Monitor
STU-0134,Riya Patel,Female,76.2,3.0,65.6,54.9,78.5,False,199.0,66.3,11.8,C,75-85%,3,2-4h,English,Science,0,True,217,55.9,Mid Range,22.1,0,Low,3,None,None,Monitor
STU-0135,Ira Das,Female,95.5,4.4,89.6,72.3,84.8,False,246.7,82.2,8.9,B,95-100%,5,4-6h,Math,Science,0,True,30,94.1,Top 10%,18.7,0,Low,3,None,None,Monitor
STU-0136,Arjun Rana,Male,63.2,2.9,65.4,63.4,70.9,False,199.7,66.6,3.9,C,60-75%,2,2-4h,English,Science,0,True,212,57.0,Mid Range,23.0,40,Medium,2,Attendance,Low attendance (63%); Low study time (2.9h),Support: attendance contract + guardian outreach
STU-0137,Ritika Menon,Female,76.9,3.2,55.9,50.9,74.9,False,181.7,60.6,12.7,C,75-85%,3,2-4h,English,Science,0,True,304,38.0,Mid Range,18.9,8,Low,3,Academic Score,None,Monitor
STU-0138,Rahul Gupta,Male,87.2,4.7,76.9,64.6,70.4,False,211.9,70.6,6.2,B,85-95%,4,4-6h,Math,Science,0,True,151,69.4,Mid Range,15.0,0,Low,3,None,None,Monitor
STU-0139,Harsh Shah,Male,100.0,6.7,95.2,86.9,89.3,False,271.4,90.5,4.3,A,95-100%,5,6h+,Math,Science,0,True,5,99.2,Top 10%,13.5,0,Low,3,None,None,Monitor
STU-0140,Manav Chauhan,Male,71.7,1.5,53.3,48.5,55.4,False,157.2,52.4,3.5,D,60-75%,2,<2h,English,Science,0,True,413,16.2,Lower Quartile,34.9,50,Medium,2,Attendance,Low attendance (72%); Low average (52.4); Low study time (1.5h),Support: attendance contract + guardian outreach
STU-0141,Shreya Chauhan,Female,71.0,2.1,31.0,36.5,42.2,False,109.7,36.6,5.6,F,60-75%,2,2-4h,English,Math,2,False,488,1.0,Lower Quartile,17.4,80,High,1,Academic Score,Low attendance (71%); Low average (36.6); Failing Math/Science; Low study time (2.1h),Escalate: structured tutoring plan
STU-0142,Raj Menon,Male,72.7,1.9,60.8,60.9,53.0,False,174.7,58.2,4.5,C,60-75%,2,<2h,Science,English,0,True,344,30.1,Mid Range,30.6,38,Medium,2,Attendance,Low attendance (73%); Low study time (1.9h),Support: attendance contract + guardian outreach
STU-0143,Kunal Pandey,Male,91.2,6.4,70.0,86.3,78.3,False,234.6,78.2,8.2,B,85-95%,4,6h+,Science,Math,0,True,69,86.2,Upper Quartile,12.2,0,Low,3,None,None,Monitor
STU-0144,Veer Iyer,Male,72.6,2.3,65.9,60.6,58.9,False,185.4,61.8,3.7,C,60-75%,2,2-4h,Math,English,0,True,288,41.7,Mid Range,26.9,33,Medium,2,Attendance,Low attendance (73%); Low study time (2.3h),Support: attendance contract + guardian outreach
STU-0145,Diya Malhotra,Female,90.5,3.0,65.3,55.0,66.2,False,186.5,62.2,6.2,C,85-95%,4,2-4h,English,Science,0,True,282,42.7,Mid Range,20.7,8,Low,3,Academic Score,None,Monitor
STU-0146,Pihu Shah,Female,93.2,8.1,89.2,85.0,87.0,False,261.2,87.1,2.1,A,85-95%,4,6h+,Math,Science,0,True,11,98.0,Top 10%,10.8,0,Low,3,None,None,Monitor
STU-0147,Krish Joshi,Male,86.7,4.3,74.0,82.0,83.9,False,239.9,80.0,5.3,B,85-95%,4,4-6h,English,Math,0,True,43,91.5,Top 10%,18.6,0,Low,3,None,None,Monitor
STU-0148,Rahul Shah,Male,76.1,2.1,41.0,42.7,53.5,False,137.2,45.7,6.8,D,75-85%,3,2-4h,English,Math,0,True,456,7.5,Lower Quartile,21.8,25,Low,3,Academic Score,Low average (45.7); Low study time (2.1h),Monitor
STU-0149,Trisha Vora,Female,94.7,6.8,77.4,75.9,77.9,False,231.2,77.1,1.0,B,85-95%,4,6h+,English,Science,0,True,78,84.3,Upper Quartile,11.3,0,Low,3,None,None,Monitor
STU-0150,Veer Thakur,Male,87.5,3.9,67.5,65.5,61.7,False,194.7,64.9,2.9,C,85-95%,4,2-4h,Math,English,0,True,234,52.5,Mid Range,16.6,8,Low,3,Academic Score,None,Monitor
STU-0151,Saanvi Chauhan,Female,62.4,2.6,55.8,69.8,68.6,False,194.2,64.7,7.8,C,60-75%,2,2-4h,Science,Math,0,True,238,51.7,Mid Range,24.9,48,Medium,2,Attendance,Low attendance (62%); Low study time (2.6h),Support: attendance contract + guardian outreach
STU-0152,Reyansh Kapoor,Male,89.0,4.6,61.0,70.6,63.2,False,194.8,64.9,5.0,C,85-95%,4,4-6h,Science,Math,0,True,234,52.5,Mid Range,14.1,8,Low,3,Academic Score,None,Monitor
STU-0153,Naina Agarwal,Female,79.1,2.7,65.5,38.9,42.3,False,146.7,48.9,14.5,D,75-85%,3,2-4h,Math,Science,1,False,439,10.9,Lower Quartile,18.1,35,Medium,2,Academic Score,Low average (48.9); Failing Science; Low study time (2.7h),Support: structured tutoring plan
STU-0154,Arjun Vora,Male,76.3,4.4,57.1,65.6,48.2,False,170.9,57.0,8.7,C,75-85%,3,4-6h,Science,English,0,True,363,26.3,Mid Range,13.0,8,Low,3,Academic Score,None,Monitor
STU-0155,Siddharth Sinha,Male,84.6,5.9,81.7,68.4,74.4,False,224.5,74.8,6.7,B,75-85%,3,4-6h,Math,Science,0,True,93,81.2,Upper Quartile,12.7,0,Low,3,None,None,Monitor
STU-0156,Naina Singh,Female,64.8,1.9,47.7,48.5,50.3,False,146.5,48.8,1.3,D,60-75%,2,<2h,English,Math,0,True,441,10.6,Lower Quartile,25.7,65,High,1,Attendance,Low attendance (65%); Low average (48.8); Low study time (1.9h),Escalate: attendance contract + guardian outreach
STU-0157,Ayaan Vora,Male,71.1,2.5,63.0,58.5,57.6,False,179.1,59.7,2.9,C,60-75%,2,2-4h,Math,English,0,True,320,35.1,Mid Range,23.9,33,Medium,2,Attendance,Low attendance (71%); Low study time (2.5h),Support: attendance contract + guardian outreach
STU-0158,Meera Chauhan,Female,97.2,5.5,78.7,73.9,84.6,False,237.2,79.1,5.4,B,95-100%,5,4-6h,English,Science,0,True,55,89.0,Upper Quartile,14.4,0,Low,3,None,None,Monitor
STU-0159,Ritika Rana,Female,51.9,3.8,27.2,42.5,46.1,True,115.8,38.6,10.0,F,<60%,1,2-4h,English,Math,1,False,483,2.0,Lower Quartile,10.2,80,High,1,Attendance,Low attendance (52%); Low average (38.6); Failing Math,Escalate: attendance contract + guardian outreach
STU-0160,Kavya Kapoor,Female,73.2,2.6,56.4,56.9,60.9,False,174.2,58.1,2.5,C,60-75%,2,2-4h,English,Math,0,True,347,29.7,Mid Range,22.3,33,Medium,2,Attendance,Low attendance (73%); Low study time (2.6h),Support: attendance contract + guardian outreach
STU-0161,Aditi Kapoor,Female,81.5,3.6,65.3,63.8,59.4,False,188.5,62.8,3.1,C,75-85%,3,2-4h,Math,English,0,True,269,45.3,Mid Range,17.4,8,Low,3,Academic Score,None,Monitor
STU-0162,Priya Iyer,Female,75.7,3.6,59.7,66.9,67.0,False,193.6,64.5,4.2,C,75-85%,3,2-4h,English,Math,0,True,241,51.1,Mid Range,17.9,8,Low,3,Academic Score,None,Monitor
STU-0163,Rahul Chauhan,Male,94.4,4.4,74.1,80.8,73.2,False,228.1,76.0,4.2,B,85-95%,4,4-6h,Science,English,0,True,86,82.6,Upper Quartile,17.3,0,Low,3,None,None,Monitor
STU-0164,Mihir Singh,Male,54.9,2.2,41.7,44.8,43.7,False,130.2,43.4,1.6,D,<60%,1,2-4h,Science,Math,0,True,468,5.1,Lower Quartile,19.7,75,High,1,Attendance,Low attendance (55%); Low average (43.4); Low study time (2.2h),Escalate: attendance contract + guardian outreach
STU-0165,Nikhil Jain,Male,89.3,3.6,74.7,63.2,52.4,False,190.3,63.4,11.2,C,85-95%,4,2-4h,Math,English,0,True,257,47.8,Mid Range,17.6,8,Low,3,Academic Score,None,Monitor
STU-0166,Vanya Malhotra,Female,85.4,4.4,78.9,81.0,75.0,False,234.9,78.3,3.0,B,85-95%,4,4-6h,Science,English,0,True,65,86.7,Upper Quartile,17.8,0,Low,3,None,None,Monitor
STU-0167,Manav Verma,Male,83.5,5.0,77.7,75.8,72.1,False,225.6,75.2,2.8,B,75-85%,3,4-6h,Math,English,0,True,91,81.7,Upper Quartile,15.0,0,Low,3,None,None,Monitor
STU-0168,Kabir Reddy,Male,46.4,2.5,43.4,42.5,36.0,False,121.9,40.6,4.0,D,<60%,1,2-4h,Math,English,1,False,476,3.4,Lower Quartile,16.2,85,High,1,Attendance,Low attendance (46%); Low average (40.6); Failing English; Low study time (2.5h),Escalate: attendance contract + guardian outreach
STU-0169,Vihaan Verma,Male,92.9,7.1,87.1,81.8,83.8,False,252.7,84.2,2.7,B,85-95%,4,6h+,Math,Science,0,True,20,95.9,Top 10%,11.9,0,Low,3,None,None,Monitor
STU-0170,Karan Singh,Male,83.7,5.0,64.7,55.7,64.4,False,184.8,61.6,5.1,C,75-85%,3,4-6h,Math,Science,0,True,290,41.2,Mid Range,12.3,8,Low,3,Academic Score,None,Monitor
STU-0171,Aditya Singh,Male,92.5,4.6,74.8,77.1,73.5,False,225.4,75.1,1.8,B,85-95%,4,4-6h,Science,English,0,True,92,81.5,Upper Quartile,16.3,0,Low,3,None,None,Monitor
STU-0172,Veer Vora,Male,75.8,3.5,56.5,64.4,57.8,False,178.7,59.6,4.2,C,75-85%,3,2-4h,Science,Math,0,True,322,34.6,Mid Range,17.0,8,Low,3,Academic Score,None,Monitor
STU-0173,Ananya Shah,Female,86.4,4.4,70.3,74.1,70.3,False,214.7,71.6,2.2,B,85-95%,4,4-6h,Science,Math,0,True,138,72.2,Mid Range,16.3,0,Low,3,None,None,Monitor
STU-0174,Ananya Menon,Female,72.5,0.5,49.9,53.8,55.5,False,159.2,53.1,2.9,D,60-75%,2,<2h,English,Math,0,True,407,17.4,Lower Quartile,106.2,50,Medium,2,Attendance,Low attendance (72%); Low average (53.1); Low study time (0.5h),Support: attendance contract + guardian outreach
STU-0175,Kiara Chauhan,Female,78.3,4.0,69.1,60.9,75.0,False,205.0,68.3,7.1,C,75-85%,3,4-6h,English,Science,0,True,187,62.1,Mid Range,17.1,0,Low,3,None,None,Monitor
STU-0176,Neel Kulkarni,Male,87.1,6.3,91.8,89.4,85.0,False,266.2,88.7,3.4,A,85-95%,4,6h+,Math,English,0,True,7,98.8,Top 10%,14.1,0,Low,3,None,None,Monitor
STU-0177,Shreya Patel,Female,87.5,6.5,83.4,82.2,68.1,False,233.7,77.9,8.5,B,85-95%,4,6h+,Math,English,0,True,72,85.4,Upper Quartile,12.0,0,Low,3,None,None,Monitor
STU-0178,Arjun Gupta,Male,94.4,6.2,75.0,81.0,77.6,False,233.6,77.9,3.0,B,85-95%,4,6h+,Science,Math,0,True,72,85.4,Upper Quartile,12.6,0,Low,3,None,None,Monitor
STU-0179,Sneha Reddy,Female,92.5,4.3,72.8,70.0,79.5,False,222.3,74.1,4.9,B,85-95%,4,4-6h,English,Science,0,True,103,79.3,Upper Quartile,17.2,0,Low,3,None,None,Monitor
STU-0180,Kavya Jain,Female,73.0,4.1,61.1,67.6,62.3,False,191.0,63.7,3.5,C,60-75%,2,4-6h,Science,Math,0,True,253,48.7,Mid Range,15.5,28,Low,3,Attendance,Low attendance (73%),Monitor
STU-0181,Anika Trivedi,Female,70.0,5.2,76.7,61.2,67.8,False,205.7,68.6,7.8,C,60-75%,2,4-6h,Math,Science,0,True,183,62.9,Mid Range,13.2,20,Low,3,Attendance,Low attendance (70%),Monitor
STU-0182,Neel Mehta,Male,64.1,0.5,46.9,37.2,30.5,False,114.6,38.2,8.2,F,60-75%,2,<2h,Math,English,2,False,486,1.4,Lower Quartile,76.4,100,High,1,Attendance,Low attendance (64%); Low average (38.2); Failing Science/English; Low study time (0.5h),Escalate: attendance contract + guardian outreach
STU-0183,Yash Mehta,Male,88.8,5.7,74.8,64.6,66.5,False,205.9,68.6,5.4,C,85-95%,4,4-6h,Math,Science,0,True,183,62.9,Mid Range,12.0,0,Low,3,None,None,Monitor
STU-0184,Jiya Joshi,Female,72.1,2.7,40.8,37.8,48.7,False,127.3,42.4,5.6,D,60-75%,2,2-4h,English,Science,1,False,472,4.3,Lower Quartile,15.7,70,High,1,Academic Score,Low attendance (72%); Low average (42.4); Failing Science; Low study time (2.7h),Escalate: structured tutoring plan
STU-0185,Jay Joshi,Male,60.3,0.5,45.0,40.0,53.3,False,138.3,46.1,6.7,D,60-75%,2,<2h,English,Science,0,True,454,7.9,Lower Quartile,92.2,65,High,1,Attendance,Low attendance (60%); Low average (46.1); Low study time (0.5h),Escalate: attendance contract + guardian outreach
STU-0186,Karan Pandey,Male,76.3,2.9,77.5,75.0,65.9,False,218.4,72.8,6.1,B,75-85%,3,2-4h,Math,English,0,True,122,75.2,Upper Quartile,25.1,5,Low,3,Study Habits,Low study time (2.9h),Monitor
STU-0187,Rohan Sinha,Male,73.8,3.9,66.9,67.3,69.4,False,203.6,67.9,1.3,C,60-75%,2,2-4h,English,Math,0,True,194,60.7,Mid Range,17.4,20,Low,3,Attendance,Low attendance (74%),Monitor
STU-0188,Karan Verma,Female,83.3,1.8,44.7,63.0,27.9,False,135.6,45.2,17.6,D,75-85%,3,<2h,Science,English,1,False,460,6.7,Lower Quartile,25.1,40,Medium,2,Academic Score,Low average (45.2); Failing English; Low study time (1.8h),Support: structured tutoring plan
STU-0189,Veer Mehta,Male,89.6,6.3,82.7,75.4,77.7,False,235.8,78.6,3.7,B,85-95%,4,6h+,Math,Science,0,True,59,87.9,Upper Quartile,12.5,0,Low,3,None,None,Monitor
STU-0190,Parth Sinha,Male,79.8,3.1,81.5,62.9,66.8,False,211.2,70.4,9.8,B,75-85%,3,2-4h,Math,Science,0,True,153,68.9,Mid Range,22.7,0,Low,3,None,None,Monitor
STU-0191,Sara Nair,Female,95.4,5.4,69.0,74.2,68.0,False,211.2,70.4,3.3,B,95-100%,5,4-6h,Science,English,0,True,153,68.9,Mid Range,13.0,0,Low,3,None,None,Monitor
STU-0192,Isha Malhotra,Female,75.8,5.5,54.9,78.7,73.5,False,207.1,69.0,12.5,C,75-85%,3,4-6h,Science,Math,0,True,175,64.6,Mid Range,12.5,0,Low,3,None,None,Monitor
STU-0193,Tara Bose,Female,83.9,2.3,45.2,42.6,44.9,True,132.7,44.2,1.4,D,75-85%,3,2-4h,Math,Science,0,True,465,5.7,Lower Quartile,19.2,40,Medium,2,Academic Score,Low average (44.2); Low study time (2.3h),Support: structured tutoring plan
STU-0194,Dhruv Bose,Male,85.6,4.5,67.3,73.4,55.9,False,196.6,65.5,8.9,C,85-95%,4,4-6h,Science,English,0,True,227,54.0,Mid Range,14.6,0,Low,3,None,None,Monitor
STU-0195,Trisha Thakur,Female,75.0,1.1,42.9,31.6,47.0,False,121.5,40.5,8.0,D,75-85%,3,<2h,English,Science,1,False,478,3.0,Lower Quartile,36.8,55,Medium,2,Academic Score,Low average (40.5); Failing Science; Low study time (1.1h),Support: structured tutoring plan
STU-0196,Reyansh Mehta,Male,100.0,7.7,88.2,83.2,81.2,False,252.6,84.2,3.6,B,95-100%,5,6h+,Math,English,0,True,20,95.9,Top 10%,10.9,0,Low,3,None,None,Monitor
STU-0197,Vihaan Kulkarni,Male,71.6,3.3,47.8,41.5,50.3,False,139.6,46.5,4.5,D,60-75%,2,2-4h,English,Science,0,True,452,8.3,Lower Quartile,14.1,40,Medium,2,Attendance,Low attendance (72%); Low average (46.5),Support: attendance contract + guardian outreach
STU-0198,Rohan Das,Male,97.4,3.8,78.7,61.1,64.3,False,204.1,68.0,9.4,C,95-100%,5,2-4h,Math,Science,0,True,192,61.1,Mid Range,17.9,0,Low,3,None,None,Monitor
STU-0199,Ayaan Desai,Male,83.6,4.6,67.4,75.8,74.8,False,218.0,72.7,4.6,B,75-85%,3,4-6h,Science,Math,0,True,125,74.6,Mid Range,15.8,0,Low,3,None,None,Monitor
STU-0200,Diya Kapoor,Female,67.1,1.5,40.8,30.5,45.2,False,116.5,38.8,7.5,F,60-75%,2,<2h,English,Science,1,False,482,2.2,Lower Quartile,25.9,75,High,1,Academic Score,Low attendance (67%); Low average (38.8); Failing Science; Low study time (1.5h),Escalate: structured tutoring plan
STU-0201,Yash Iyer,Male,64.6,2.4,50.6,37.1,46.3,False,134.0,44.7,6.9,D,60-75%,2,2-4h,Math,Science,1,False,462,6.3,Lower Quartile,18.6,85,High,1,Attendance,Low attendance (65%); Low average (44.7); Failing Science; Low study time (2.4h),Escalate: attendance contract + guardian outreach
STU-0202,Naina Desai,Female,78.5,3.7,43.3,43.8,50.7,False,137.8,45.9,4.1,D,75-85%,3,2-4h,English,Math,0,True,455,7.7,Lower Quartile,12.4,20,Low,3,Academic Score,Low average (45.9),Monitor
STU-0203,Reyansh Agarwal,Male,89.2,5.8,64.6,67.8,70.7,False,203.1,67.7,3.1,C,85-95%,4,4-6h,English,Math,0,True,197,60.2,Mid Range,11.7,0,Low,3,None,None,Monitor
STU-0204,Navya Nair,Female,87.4,3.5,63.9,62.2,53.6,False,179.7,59.9,5.5,C,85-95%,4,2-4h,Math,English,0,True,316,35.9,Mid Range,17.1,8,Low,3,Academic Score,None,Monitor
STU-0205,Mihir Reddy,Male,95.8,5.5,72.7,66.3,55.1,False,194.1,64.7,8.9,C,95-100%,5,4-6h,Math,English,0,True,238,51.7,Mid Range,11.8,8,Low,3,Academic Score,None,Monitor
STU-0206,Rahul Trivedi,Male,58.4,2.1,54.2,58.4,49.0,False,161.6,53.9,4.7,D,<60%,1,2-4h,Science,English,0,True,394,19.9,Lower Quartile,25.7,60,High,1,Attendance,Low attendance (58%); Low average (53.9); Low study time (2.1h),Escalate: attendance contract + guardian outreach
STU-0207,Kiara Shah,Female,82.9,3.0,45.6,61.8,60.3,False,167.7,55.9,9.0,C,75-85%,3,2-4h,Science,Math,0,True,371,24.8,Lower Quartile,18.6,8,Low,3,Academic Score,None,Monitor
STU-0208,Priya Malhotra,Female,98.8,6.6,77.1,79.7,72.2,False,229.0,76.3,3.8,B,95-100%,5,6h+,Science,English,0,True,83,83.2,Upper Quartile,11.6,0,Low,3,None,None,Monitor
STU-0209,Arjun Shah,Male,100.0,6.0,66.4,74.8,78.1,False,219.3,73.1,6.0,B,95-100%,5,6h+,English,Math,0,True,117,76.3,Upper Quartile,12.2,0,Low,3,None,None,Monitor
STU-0210,Ira Shah,Female,88.2,4.5,77.7,77.7,77.2,False,232.6,77.5,0.3,B,85-95%,4,4-6h,Math,English,0,True,76,84.8,Upper Quartile,17.2,0,Low,3,None,None,Monitor
STU-0211,Sahil Chauhan,Male,76.3,1.3,52.2,59.1,49.8,False,161.1,53.7,4.8,D,75-85%,3,<2h,Science,English,0,True,400,18.8,Lower Quartile,41.3,30,Medium,2,Academic Score,Low average (53.7); Low study time (1.3h),Support: structured tutoring plan
STU-0212,Shreya Joshi,Female,73.7,6.2,63.3,71.1,71.6,False,206.0,68.7,4.7,C,60-75%,2,6h+,English,Math,0,True,180,63.4,Mid Range,11.1,20,Low,3,Attendance,Low attendance (74%),Monitor
STU-0213,Ira Mehta,Female,73.8,1.4,52.7,53.0,59.7,False,165.4,55.1,4.0,C,60-75%,2,<2h,English,Math,0,True,382,22.4,Lower Quartile,39.4,38,Medium,2,Attendance,Low attendance (74%); Low study time (1.4h),Support: attendance contract + guardian outreach
STU-0214,Dhruv Verma,Male,79.8,5.3,62.0,59.6,63.0,False,184.6,61.5,1.7,C,75-85%,3,4-6h,English,Science,0,True,292,40.9,Mid Range,11.6,8,Low,3,Academic Score,None,Monitor
STU-0215,Jiya Patel,Female,85.7,5.4,67.8,66.7,85.9,False,220.4,73.5,10.8,B,85-95%,4,4-6h,English,Science,0,True,112,77.4,Upper Quartile,13.6,0,Low,3,None,None,Monitor
STU-0216,Tanmay Shah,Male,90.1,5.2,78.4,75.9,68.9,False,223.2,74.4,4.9,B,85-95%,4,4-6h,Math,English,0,True,99,80.1,Upper Quartile,14.3,0,Low,3,None,None,Monitor
STU-0217,Sahil Jain,Male,62.5,3.2,51.2,51.8,51.5,False,154.5,51.5,0.3,D,60-75%,2,2-4h,Science,Math,0,True,420,14.8,Lower Quartile,16.1,55,Medium,2,Attendance,Low attendance (62%); Low average (51.5),Support: attendance contract + guardian outreach
STU-0218,Nikhil Mehta,Male,96.3,5.0,83.8,72.5,78.5,False,234.8,78.3,5.7,B,95-100%,5,4-6h,Math,Science,0,True,65,86.7,Upper Quartile,15.7,0,Low,3,None,None,Monitor
STU-0219,Pranav Bhatt,Male,84.0,5.0,67.4,60.3,63.6,False,191.3,63.8,3.6,C,75-85%,3,4-6h,Math,Science,0,True,252,49.0,Mid Range,12.8,8,Low,3,Academic Score,None,Monitor
STU-0220,Diya Kulkarni,Female,78.9,2.8,57.8,54.7,62.0,False,174.5,58.2,3.7,C,75-85%,3,2-4h,English,Science,0,True,344,30.1,Mid Range,20.8,13,Low,3,Academic Score,Low study time (2.8h),Monitor
STU-0221,Rohan Gupta,Male,83.6,3.8,64.7,74.3,58.6,False,197.6,65.9,7.9,C,75-85%,3,2-4h,Science,English,0,True,223,54.9,Mid Range,17.3,0,Low,3,None,None,Monitor
STU-0222,Aarav Kapoor,Male,64.7,1.5,20.4,29.3,25.2,False,74.9,25.0,4.5,F,60-75%,2,<2h,Science,Math,3,False,492,0.2,Lower Quartile,16.7,100,High,1,Attendance,Low attendance (65%); Low average (25.0); Failing Math/Science/English; Low study time (1.5h),Escalate: attendance contract + guardian outreach
STU-0223,Riya Mehta,Female,93.0,6.4,87.9,63.2,82.7,True,233.8,77.9,13.0,B,85-95%,4,6h+,Math,Science,0,True,72,85.4,Upper Quartile,12.2,0,Low,3,None,None,Monitor
STU-0224,Siddharth Verma,Male,87.7,5.4,50.5,56.0,40.3,False,146.8,48.9,8.0,D,85-95%,4,4-6h,Science,English,0,True,439,10.9,Lower Quartile,9.1,20,Low,3,Academic Score,Low average (48.9),Monitor
STU-0225,Meera Trivedi,Female,92.0,4.2,49.7,60.6,62.2,False,172.5,57.5,6.8,C,85-95%,4,4-6h,English,Math,0,True,356,27.6,Mid Range,13.7,8,Low,3,Academic Score,None,Monitor
STU-0226,Vihaan Das,Male,94.9,3.1,70.5,63.7,65.4,False,199.6,66.5,3.5,C,85-95%,4,2-4h,Math,Science,0,True,214,56.5,Mid Range,21.5,0,Low,3,None,None,Monitor
STU-0227,Pooja Das,Female,94.5,6.7,71.9,83.4,83.8,False,239.1,79.7,6.8,B,85-95%,4,6h+,English,Math,0,True,49,90.1,Top 10%,11.9,0,Low,3,None,None,Monitor
STU-0228,Pihu Das,Female,95.9,6.8,79.5,66.8,76.7,False,223.0,74.3,6.7,B,95-100%,5,6h+,Math,Science,0,True,100,79.7,Upper Quartile,10.9,0,Low,3,None,None,Monitor
STU-0229,Aditi Malhotra,Female,78.1,4.7,48.3,56.1,56.1,False,160.5,53.5,4.5,D,75-85%,3,4-6h,Science,Math,0,True,404,18.0,Lower Quartile,11.4,20,Low,3,Academic Score,Low average (53.5),Monitor
STU-0230,Om Mehta,Male,84.5,4.7,68.6,76.0,73.7,False,218.3,72.8,3.8,B,75-85%,3,4-6h,Science,Math,0,True,122,75.2,Upper Quartile,15.5,0,Low,3,None,None,Monitor
STU-0231,Raj Iyer,Male,90.6,3.7,60.9,59.6,41.1,False,161.6,53.9,11.1,D,85-95%,4,2-4h,Math,English,0,True,394,19.9,Lower Quartile,14.6,20,Low,3,Academic Score,Low average (53.9),Monitor
STU-0232,Aanya Gupta,Female,90.2,3.1,79.1,71.1,71.0,False,221.2,73.7,4.6,B,85-95%,4,2-4h,Math,English,0,True,110,77.8,Upper Quartile,23.8,0,Low,3,None,None,Monitor
STU-0233,Aditya Sharma,Male,86.3,3.1,59.1,54.8,63.9,False,177.8,59.3,4.6,C,85-95%,4,2-4h,English,Science,0,True,326,33.6,Mid Range,19.1,8,Low,3,Academic Score,None,Monitor
STU-0234,Avni Mehta,Female,90.3,2.4,48.0,55.1,59.8,False,162.9,54.3,5.9,D,85-95%,4,2-4h,English,Math,0,True,390,20.9,Lower Quartile,22.6,25,Low,3,Academic Score,Low average (54.3); Low study time (2.4h),Monitor
STU-0235,Raj Bhatt,Male,87.9,4.2,68.6,60.5,58.6,False,187.7,62.6,5.3,C,85-95%,4,4-6h,Math,English,0,True,275,44.0,Mid Range,14.9,8,Low,3,Academic Score,None,Monitor
STU-0236,Shreya Reddy,Female,92.2,3.9,46.0,71.2,69.2,False,186.4,62.1,14.0,C,85-95%,4,2-4h,Science,Math,0,True,285,42.1,Mid Range,15.9,8,Low,3,Academic Score,None,Monitor
STU-0237,Isha Joshi,Female,86.7,3.6,59.0,70.2,64.1,False,193.3,64.4,5.6,C,85-95%,4,2-4h,Science,Math,0,True,243,50.4,Mid Range,17.9,8,Low,3,Academic Score,None,Monitor
STU-0238,Dev Reddy,Male,82.9,1.0,57.5,44.3,49.7,False,151.5,50.5,6.6,D,75-85%,3,<2h,Math,Science,0,True,423,14.1,Lower Quartile,50.5,30,Medium,2,Academic Score,Low average (50.5); Low study time (1.0h),Support: structured tutoring plan
STU-0239,Kunal Rana,Male,94.7,4.9,71.3,62.6,64.2,False,198.1,66.0,4.6,C,85-95%,4,4-6h,Math,Science,0,True,222,55.1,Mid Range,13.5,0,Low,3,None,None,Monitor
STU-0240,Anika Gupta,Female,67.4,5.1,59.2,63.2,74.8,True,197.2,65.7,8.1,C,60-75%,2,4-6h,English,Math,0,True,224,54.5,Mid Range,12.9,20,Low,3,Attendance,Low attendance (67%),Monitor
STU-0241,Pranav Joshi,Male,87.3,3.3,59.6,67.0,60.0,False,186.6,62.2,4.2,C,85-95%,4,2-4h,Science,Math,0,True,282,42.7,Mid Range,18.8,8,Low,3,Academic Score,None,Monitor
STU-0242,Diya Trivedi,Female,63.1,4.4,76.3,80.5,72.2,False,229.0,76.3,4.2,B,60-75%,2,4-6h,Science,English,0,True,83,83.2,Upper Quartile,17.3,35,Medium,2,Attendance,Low attendance (63%),Support: attendance contract + guardian outreach
STU-0243,Neel Shah,Male,74.7,2.6,61.5,41.3,33.7,False,136.5,45.5,14.4,D,60-75%,2,2-4h,Math,English,1,False,457,7.2,Lower Quartile,17.5,55,Medium,2,Attendance,Low attendance (75%); Low average (45.5); Failing English; Low study time (2.6h),Support: attendance contract + guardian outreach
STU-0244,Anika Shah,Female,87.7,5.4,79.8,88.7,74.1,False,242.6,80.9,7.4,B,85-95%,4,4-6h,Science,English,0,True,38,92.5,Top 10%,15.0,0,Low,3,None,None,Monitor
STU-0245,Saanvi Pandey,Female,79.3,2.7,57.8,53.6,61.7,False,173.1,57.7,4.1,C,75-85%,3,2-4h,English,Science,0,True,351,28.7,Mid Range,21.4,13,Low,3,Academic Score,Low study time (2.7h),Monitor
STU-0246,Dev Gupta,Male,78.0,4.3,69.3,58.2,54.2,False,181.7,60.6,7.8,C,75-85%,3,4-6h,Math,English,0,True,304,38.0,Mid Range,14.1,8,Low,3,Academic Score,None,Monitor
STU-0247,Navya Joshi,Female,80.7,6.3,59.8,61.3,65.3,False,186.4,62.1,2.8,C,75-85%,3,6h+,English,Math,0,True,285,42.1,Mid Range,9.9,8,Low,3,Academic Score,None,Monitor
STU-0248,Kabir Menon,Male,93.2,5.5,76.6,65.1,68.8,False,210.5,70.2,5.9,B,85-95%,4,4-6h,Math,Science,0,True,157,68.3,Mid Range,12.8,0,Low,3,None,None,Monitor
STU-0249,Aditi Patel,Female,72.6,2.5,65.2,42.3,50.0,True,157.5,52.5,11.7,D,60-75%,2,2-4h,Math,Science,0,True,411,16.6,Lower Quartile,21.0,45,Medium,2,Attendance,Low attendance (73%); Low average (52.5); Low study time (2.5h),Support: attendance contract + guardian outreach
STU-0250,Rahul Singh,Male,98.5,3.4,70.1,73.4,73.2,False,216.7,72.2,1.9,B,95-100%,5,2-4h,Science,Math,0,True,130,73.7,Mid Range,21.2,0,Low,3,None,None,Monitor
STU-0251,Tanmay Gupta,Male,85.0,3.7,56.0,60.7,56.3,False,173.0,57.7,2.6,C,85-95%,4,2-4h,Science,Math,0,True,351,28.7,Mid Range,15.6,8,Low,3,Academic Score,None,Monitor
STU-0252,Jay Bhatt,Male,87.4,4.5,49.1,55.0,60.2,False,164.3,54.8,5.6,D,85-95%,4,4-6h,English,Math,0,True,386,21.6,Lower Quartile,12.2,20,Low,3,Academic Score,Low average (54.8),Monitor
STU-0253,Kunal Mehta,Male,94.7,3.9,61.2,57.5,65.2,False,183.9,61.3,3.9,C,85-95%,4,2-4h,English,Science,0,True,293,40.5,Mid Range,15.7,8,Low,3,Academic Score,None,Monitor
STU-0254,Karan Thakur,Male,83.9,3.6,54.9,49.9,50.5,True,155.3,51.8,2.7,D,75-85%,3,2-4h,Math,Science,0,True,417,15.4,Lower Quartile,14.4,20,Low,3,Academic Score,Low average (51.8),Monitor
STU-0255,Pihu Verma,Female,69.0,4.1,61.6,51.2,65.0,False,177.8,59.3,7.2,C,60-75%,2,4-6h,English,Science,0,True,326,33.6,Mid Range,14.5,28,Low,3,Attendance,Low attendance (69%),Monitor
STU-0256,Sahil Joshi,Male,63.0,1.5,43.1,47.6,36.0,False,126.7,42.2,5.8,D,60-75%,2,<2h,Science,English,1,False,473,4.1,Lower Quartile,28.1,90,High,1,Attendance,Low attendance (63%); Low average (42.2); Failing English; Low study time (1.5h),Escalate: attendance contract + guardian outreach
STU-0257,Anika Iyer,Female,63.7,3.2,49.9,56.5,69.3,False,175.7,58.6,9.9,C,60-75%,2,2-4h,English,Math,0,True,334,32.1,Mid Range,18.3,43,Medium,2,Attendance,Low attendance (64%),Support: attendance contract + guardian outreach
STU-0258,Rahul Menon,Male,76.8,4.1,82.7,84.1,79.5,False,246.3,82.1,2.4,B,75-85%,3,4-6h,Science,English,0,True,31,93.9,Top 10%,20.0,0,Low,3,None,None,Monitor
STU-0259,Om Parekh,Male,83.5,5.8,69.0,68.8,75.1,False,212.9,71.0,3.6,B,75-85%,3,4-6h,English,Science,0,True,145,70.6,Mid Range,12.2,0,Low,3,None,None,Monitor
STU-0260,Saanvi Bose,Female,70.8,3.1,63.4,42.5,65.1,False,171.0,57.0,12.6,C,60-75%,2,2-4h,English,Science,0,True,363,26.3,Mid Range,18.4,28,Low,3,Attendance,Low attendance (71%),Monitor
STU-0261,Avni Jain,Female,90.5,5.0,63.6,48.1,73.0,False,184.7,61.6,12.6,C,85-95%,4,4-6h,English,Science,0,True,290,41.2,Mid Range,12.3,8,Low,3,Academic Score,None,Monitor
STU-0262,Tanmay Menon,Male,76.2,2.1,67.7,59.1,54.9,False,181.7,60.6,6.5,C,75-85%,3,2-4h,Math,English,0,True,304,38.0,Mid Range,28.9,13,Low,3,Academic Score,Low study time (2.1h),Monitor
STU-0263,Nikhil Chauhan,Male,83.3,3.1,62.3,60.6,52.9,False,175.8,58.6,5.0,C,75-85%,3,2-4h,Math,English,0,True,334,32.1,Mid Range,18.9,8,Low,3,Academic Score,None,Monitor
STU-0264,Priya Reddy,Female,92.5,6.4,67.7,66.0,81.9,False,215.6,71.9,8.7,B,85-95%,4,6h+,English,Science,0,True,135,72.7,Mid Range,11.2,0,Low,3,None,None,Monitor
STU-0265,Vanya Jain,Female,94.1,6.9,91.2,96.4,87.5,False,275.1,91.7,4.5,A,85-95%,4,6h+,Science,English,0,True,3,99.6,Top 10%,13.3,0,Low,3,None,None,Monitor
STU-0266,Riya Singh,Female,80.3,2.8,55.3,58.0,54.1,False,167.4,55.8,2.0,C,75-85%,3,2-4h,Science,English,0,True,372,24.4,Lower Quartile,19.9,13,Low,3,Academic Score,Low study time (2.8h),Monitor
STU-0267,Jay Desai,Male,88.0,4.8,66.3,68.2,59.9,False,194.4,64.8,4.3,C,85-95%,4,4-6h,Science,English,0,True,236,52.1,Mid Range,13.5,8,Low,3,Academic Score,None,Monitor
STU-0268,Vihaan Kapoor,Male,78.8,2.6,53.0,52.2,56.6,False,161.8,53.9,2.3,D,75-85%,3,2-4h,English,Science,0,True,394,19.9,Lower Quartile,20.7,25,Low,3,Academic Score,Low average (53.9); Low study time (2.6h),Monitor
STU-0269,Kiara Iyer,Female,91.6,2.6,65.8,61.8,61.6,False,189.2,63.1,2.4,C,85-95%,4,2-4h,Math,English,0,True,262,46.8,Mid Range,24.3,13,Low,3,Academic Score,Low study time (2.6h),Monitor
STU-0270,Naina Kapoor,Female,83.9,4.4,59.3,65.6,67.9,True,192.8,64.3,4.5,C,75-85%,3,4-6h,English,Math,0,True,248,49.8,Mid Range,14.6,8,Low,3,Academic Score,None,Monitor
STU-0271,Vihaan Vora,Male,76.5,4.1,60.8,71.4,59.6,False,191.8,63.9,6.5,C,75-85%,3,4-6h,Science,English,0,True,250,49.3,Mid Range,15.6,8,Low,3,Academic Score,None,Monitor
STU-0272,Parth Bhatt,Male,79.1,3.8,63.6,64.1,72.6,False,200.3,66.8,5.1,C,75-85%,3,2-4h,English,Math,0,True,210,57.4,Mid Range,17.6,0,Low,3,None,None,Monitor
STU-0273,Harsh Modi,Male,95.3,6.0,79.6,76.5,83.5,False,239.6,79.9,3.5,B,95-100%,5,6h+,English,Science,0,True,44,91.0,Top 10%,13.3,0,Low,3,None,None,Monitor
STU-0274,Avni Shah,Female,65.3,0.8,45.7,56.4,52.6,False,154.7,51.6,5.4,D,60-75%,2,<2h,Science,Math,0,True,418,15.1,Lower Quartile,64.5,50,Medium,2,Attendance,Low attendance (65%); Low average (51.6); Low study time (0.8h),Support: attendance contract + guardian outreach
STU-0275,Veer Trivedi,Male,77.6,2.6,49.8,52.4,59.3,False,161.5,53.8,4.9,D,75-85%,3,2-4h,English,Math,0,True,397,19.3,Lower Quartile,20.7,25,Low,3,Academic Score,Low average (53.8); Low study time (2.6h),Monitor
STU-0276,Harsh Gupta,Male,89.4,3.8,55.7,70.2,62.9,False,188.8,62.9,7.3,C,85-95%,4,2-4h,Science,Math,0,True,268,45.7,Mid Range,16.6,8,Low,3,Academic Score,None,Monitor
STU-0277,Yash Gupta,Male,94.9,7.9,76.1,80.4,88.3,False,244.8,81.6,6.2,B,85-95%,4,6h+,English,Math,0,True,34,93.3,Top 10%,10.3,0,Low,3,None,None,Monitor
STU-0278,Tara Kapoor,Female,88.8,2.5,57.8,50.6,66.7,False,175.1,58.4,8.1,C,85-95%,4,2-4h,English,Science,0,True,339,31.1,Mid Range,23.4,13,Low,3,Academic Score,Low study time (2.5h),Monitor
STU-0279,Arjun Thakur,Male,86.0,5.6,71.7,58.4,68.1,False,198.2,66.1,6.9,C,85-95%,4,4-6h,Math,Science,0,True,220,55.4,Mid Range,11.8,0,Low,3,None,None,Monitor
STU-0280,Siddharth Bose,Male,87.0,5.7,65.8,65.3,76.8,False,207.9,69.3,6.5,C,85-95%,4,4-6h,English,Science,0,True,166,66.3,Mid Range,12.2,0,Low,3,None,None,Monitor
STU-0281,Kabir Agarwal,Male,61.3,1.9,47.9,53.8,46.9,False,148.6,49.5,3.7,D,60-75%,2,<2h,Science,English,0,True,437,11.4,Lower Quartile,26.1,65,High,1,Attendance,Low attendance (61%); Low average (49.5); Low study time (1.9h),Escalate: attendance contract + guardian outreach
STU-0282,Kabir Singh,Male,59.7,2.0,58.5,62.4,61.0,False,181.9,60.6,2.0,C,<60%,1,2-4h,Science,Math,0,True,304,38.0,Mid Range,30.3,48,Medium,2,Attendance,Low attendance (60%); Low study time (2.0h),Support: attendance contract + guardian outreach
STU-0283,Pooja Bhatt,Female,82.1,2.9,47.8,51.5,43.9,False,143.2,47.7,3.8,D,75-85%,3,2-4h,Science,English,0,True,446,9.6,Lower Quartile,16.4,25,Low,3,Academic Score,Low average (47.7); Low study time (2.9h),Monitor
STU-0284,Karan Rana,Male,93.9,4.3,65.2,86.8,78.8,True,230.8,76.9,10.9,B,85-95%,4,4-6h,Science,Math,0,True,79,84.1,Upper Quartile,17.9,0,Low,3,None,None,Monitor
STU-0285,Kabir Nair,Male,88.6,3.5,57.0,43.9,62.7,False,163.6,54.5,9.6,D,85-95%,4,2-4h,English,Science,0,True,388,21.2,Lower Quartile,15.6,20,Low,3,Academic Score,Low average (54.5),Monitor
STU-0286,Nisha Bose,Female,85.2,2.1,59.0,58.7,66.2,False,183.9,61.3,4.2,C,85-95%,4,2-4h,English,Science,0,True,293,40.5,Mid Range,29.2,13,Low,3,Academic Score,Low study time (2.1h),Monitor
STU-0287,Rahul Vora,Male,84.3,4.9,79.1,82.2,88.7,False,250.0,83.3,4.9,B,75-85%,3,4-6h,English,Math,0,True,24,95.2,Top 10%,17.0,0,Low,3,None,None,Monitor
STU-0288,Trisha Shah,Female,83.9,2.6,60.9,59.1,65.1,True,185.1,61.7,3.1,C,75-85%,3,2-4h,English,Science,0,True,289,41.5,Mid Range,23.7,13,Low,3,Academic Score,Low study time (2.6h),Monitor
STU-0289,Sneha Kulkarni,Female,96.8,6.3,81.7,79.9,84.1,False,245.7,81.9,2.1,B,95-100%,5,6h+,English,Science,0,True,32,93.7,Top 10%,13.0,0,Low,3,None,None,Monitor
STU-0290,Rohan Desai,Female,85.7,4.2,67.9,53.3,56.8,False,178.0,59.3,7.6,C,85-95%,4,4-6h,Math,Science,0,True,326,33.6,Mid Range,14.1,8,Low,3,Academic Score,None,Monitor
STU-0291,Meera Parekh,Female,85.8,3.4,57.8,71.7,64.9,False,194.4,64.8,7.0,C,85-95%,4,2-4h,Science,Math,0,True,236,52.1,Mid Range,19.1,8,Low,3,Academic Score,None,Monitor
STU-0292,Tanmay Nair,Male,97.1,6.0,77.8,72.0,80.2,False,230.0,76.7,4.2,B,95-100%,5,6h+,English,Science,0,True,80,83.9,Upper Quartile,12.8,0,Low,3,None,None,Monitor
STU-0293,Trisha Agarwal,Female,92.7,5.4,55.8,80.2,71.6,False,207.6,69.2,12.4,C,85-95%,4,4-6h,Science,Math,0,True,169,65.5,Mid Range,12.8,0,Low,3,None,None,Monitor
STU-0294,Jay Menon,Male,70.9,1.8,53.1,50.1,41.3,False,144.5,48.2,6.1,D,60-75%,2,<2h,Math,English,0,True,443,10.2,Lower Quartile,26.8,50,Medium,2,Attendance,Low attendance (71%); Low average (48.2); Low study time (1.8h),Support: attendance contract + guardian outreach
STU-0295,Pihu Joshi,Female,60.3,1.4,52.9,54.5,43.5,False,150.9,50.3,5.9,D,60-75%,2,<2h,Science,English,0,True,427,13.3,Lower Quartile,35.9,65,High,1,Attendance,Low attendance (60%); Low average (50.3); Low study time (1.4h),Escalate: attendance contract + guardian outreach
STU-0296,Vanya Kapoor,Female,88.8,2.9,54.8,56.1,51.2,False,162.1,54.0,2.5,D,85-95%,4,2-4h,Science,English,0,True,392,20.4,Lower Quartile,18.6,25,Low,3,Academic Score,Low average (54.0); Low study time (2.9h),Monitor
STU-0297,Anika Jain,Female,76.0,3.1,64.1,53.0,59.1,False,176.2,58.7,5.6,C,75-85%,3,2-4h,Math,Science,0,True,333,32.5,Mid Range,18.9,8,Low,3,Academic Score,None,Monitor
STU-0298,Dhruv Malhotra,Male,67.1,0.8,33.7,34.0,49.4,False,117.1,39.0,9.0,F,60-75%,2,<2h,English,Math,2,False,481,2.4,Lower Quartile,48.8,85,High,1,Academic Score,Low attendance (67%); Low average (39.0); Failing Math/Science; Low study time (0.8h),Escalate: structured tutoring plan
STU-0299,Arjun Sharma,Male,96.4,6.6,85.7,83.6,90.5,False,259.8,86.6,3.5,A,95-100%,5,6h+,English,Science,0,True,16,97.0,Top 10%,13.1,0,Low,3,None,None,Monitor
STU-0300,Jay Malhotra,Male,82.8,2.8,65.2,65.8,52.0,False,183.0,61.0,7.8,C,75-85%,3,2-4h,Science,English,0,True,299,39.4,Mid Range,21.8,13,Low,3,Academic Score,Low study time (2.8h),Monitor
STU-0301,Siddharth Jain,Male,89.5,3.4,67.1,61.5,74.3,False,202.9,67.6,6.4,C,85-95%,4,2-4h,English,Science,0,True,198,60.0,Mid Range,19.9,0,Low,3,None,None,Monitor
STU-0302,Diya Shah,Female,94.9,5.4,80.2,80.2,89.5,False,249.9,83.3,5.4,B,85-95%,4,4-6h,English,Math,0,True,24,95.2,Top 10%,15.4,0,Low,3,None,None,Monitor
STU-0303,Mihir Bhatt,Male,67.4,4.0,63.3,57.5,51.4,False,172.2,57.4,6.0,C,60-75%,2,4-6h,Math,English,0,True,359,27.1,Mid Range,14.4,28,Low,3,Attendance,Low attendance (67%),Monitor
STU-0304,Priya Kapoor,Female,93.7,4.3,77.0,85.7,73.1,False,235.8,78.6,6.5,B,85-95%,4,4-6h,Science,English,0,True,59,87.9,Upper Quartile,18.3,0,Low,3,None,None,Monitor
STU-0305,Tara Nair,Female,83.9,3.8,74.0,65.1,75.3,True,214.4,71.5,5.6,B,75-85%,3,2-4h,English,Science,0,True,139,72.0,Mid Range,18.8,0,Low,3,None,None,Monitor
STU-0306,Dev Thakur,Male,84.7,6.4,76.6,84.4,78.0,False,239.0,79.7,4.2,B,75-85%,3,6h+,Science,Math,0,True,49,90.1,Top 10%,12.5,0,Low,3,None,None,Monitor
STU-0307,Reyansh Iyer,Male,78.7,1.9,57.8,50.2,43.0,False,151.0,50.3,7.4,D,75-85%,3,<2h,Math,English,0,True,427,13.3,Lower Quartile,26.5,30,Medium,2,Academic Score,Low average (50.3); Low study time (1.9h),Support: structured tutoring plan
STU-0308,Pooja Singh,Female,54.8,1.6,57.4,63.2,68.3,False,188.9,63.0,5.5,C,<60%,1,<2h,English,Math,0,True,264,46.2,Mid Range,39.4,53,Medium,2,Attendance,Low attendance (55%); Low study time (1.6h),Support: attendance contract + guardian outreach
STU-0309,Parth Menon,Male,93.3,3.8,87.2,73.2,67.8,True,228.2,76.1,10.0,B,85-95%,4,2-4h,Math,English,0,True,85,82.9,Upper Quartile,20.0,0,Low,3,None,None,Monitor
STU-0310,Dev Singh,Male,83.4,4.1,58.0,58.4,59.2,False,175.6,58.5,0.6,C,75-85%,3,4-6h,English,Math,0,True,337,31.6,Mid Range,14.3,8,Low,3,Academic Score,None,Monitor
STU-0311,Aanya Pandey,Female,83.0,4.1,74.7,69.4,78.0,False,222.1,74.0,4.3,B,75-85%,3,4-6h,English,Science,0,True,104,78.9,Upper Quartile,18.0,0,Low,3,None,None,Monitor
STU-0312,Meera Mehta,Female,88.7,4.5,83.5,79.8,73.4,False,236.7,78.9,5.1,B,85-95%,4,4-6h,Math,English,0,True,56,88.7,Upper Quartile,17.5,0,Low,3,None,None,Monitor
STU-0313,Ayaan Joshi,Male,87.0,4.9,61.1,61.7,56.9,False,179.7,59.9,2.6,C,85-95%,4,4-6h,Science,English,0,True,316,35.9,Mid Range,12.2,8,Low,3,Academic Score,None,Monitor
STU-0314,Manav Desai,Male,86.9,2.0,54.2,74.1,70.7,False,199.0,66.3,10.6,C,85-95%,4,2-4h,Science,Math,0,True,217,55.9,Mid Range,33.2,5,Low,3,Study Habits,Low study time (2.0h),Monitor
STU-0315,Veer Modi,Male,95.0,4.5,68.5,74.1,75.6,False,218.2,72.7,3.7,B,95-100%,5,4-6h,English,Math,0,True,125,74.6,Mid Range,16.2,0,Low,3,None,None,Monitor
STU-0316,Ira Rana,Female,88.7,3.8,66.9,69.2,70.3,True,206.4,68.8,1.7,C,85-95%,4,2-4h,English,Math,0,True,179,63.8,Mid Range,18.1,0,Low,3,None,None,Monitor
STU-0317,Sneha Joshi,Female,61.2,2.2,62.2,58.6,67.2,False,188.0,62.7,4.3,C,60-75%,2,2-4h,English,Science,0,True,272,44.7,Mid Range,28.5,48,Medium,2,Attendance,Low attendance (61%); Low study time (2.2h),Support: attendance contract + guardian outreach
STU-0318,Meera Verma,Female,82.8,5.3,76.0,88.8,84.0,False,248.8,82.9,6.5,B,75-85%,3,4-6h,Science,Math,0,True,28,94.5,Top 10%,15.6,0,Low,3,None,None,Monitor
STU-0319,Riya Iyer,Female,71.9,3.7,57.3,48.3,58.7,False,164.3,54.8,5.6,D,60-75%,2,2-4h,English,Science,0,True,386,21.6,Lower Quartile,14.8,40,Medium,2,Attendance,Low attendance (72%); Low average (54.8),Support: attendance contract + guardian outreach
STU-0320,Riya Kulkarni,Female,85.2,2.1,72.7,65.2,74.4,False,212.3,70.8,4.9,B,85-95%,4,2-4h,English,Science,0,True,147,70.3,Mid Range,33.7,5,Low,3,Study Habits,Low study time (2.1h),Monitor
STU-0321,Yash Agarwal,Male,76.0,1.7,66.9,50.8,58.1,False,175.8,58.6,8.1,C,75-85%,3,<2h,Math,Science,0,True,334,32.1,Mid Range,34.5,18,Low,3,Study Habits,Low study time (1.7h),Monitor
STU-0322,Harsh Menon,Male,98.2,3.5,74.6,81.6,65.1,True,221.3,73.8,8.3,B,95-100%,5,2-4h,Science,English,0,True,109,78.0,Upper Quartile,21.1,0,Low,3,None,None,Monitor
STU-0323,Ira Jain,Female,92.1,3.8,86.9,82.6,73.4,False,242.9,81.0,6.9,B,85-95%,4,2-4h,Math,English,0,True,37,92.7,Top 10%,21.3,0,Low,3,None,None,Monitor
STU-0324,Sneha Singh,Female,86.2,3.8,68.1,63.9,63.2,False,195.2,65.1,2.7,C,85-95%,4,2-4h,Math,English,0,True,229,53.4,Mid Range,17.1,0,Low,3,None,None,Monitor
STU-0325,Nisha Menon,Female,82.0,3.6,68.0,70.0,63.8,False,201.8,67.3,3.2,C,75-85%,3,2-4h,Science,English,0,True,202,58.9,Mid Range,18.7,0,Low,3,None,None,Monitor
STU-0326,Ayaan Mehta,Male,79.4,3.8,58.3,62.8,59.6,False,180.7,60.2,2.3,C,75-85%,3,2-4h,Science,Math,0,True,310,37.1,Mid Range,15.8,8,Low,3,Academic Score,None,Monitor
STU-0327,Kunal Thakur,Male,81.8,5.2,71.8,85.7,82.1,False,239.6,79.9,7.2,B,75-85%,3,4-6h,Science,Math,0,True,44,91.0,Top 10%,15.4,0,Low,3,None,None,Monitor
STU-0328,Vihaan Thakur,Male,76.0,2.6,72.3,51.3,59.8,False,183.4,61.1,10.6,C,75-85%,3,2-4h,Math,Science,0,True,296,39.8,Mid Range,23.5,13,Low,3,Academic Score,Low study time (2.6h),Monitor
STU-0329,Pranav Menon,Male,82.9,0.9,55.0,50.7,57.8,False,163.5,54.5,3.6,D,75-85%,3,<2h,English,Science,0,True,388,21.2,Lower Quartile,60.6,30,Medium,2,Academic Score,Low average (54.5); Low study time (0.9h),Support: structured tutoring plan
STU-0330,Pooja Chauhan,Female,81.7,4.6,66.1,58.5,70.8,False,195.4,65.1,6.2,C,75-85%,3,4-6h,English,Science,0,True,229,53.4,Mid Range,14.2,0,Low,3,None,None,Monitor
STU-0331,Nisha Iyer,Female,71.3,2.0,54.4,41.9,55.3,False,151.6,50.5,7.5,D,60-75%,2,2-4h,English,Science,0,True,423,14.1,Lower Quartile,25.2,45,Medium,2,Attendance,Low attendance (71%); Low average (50.5); Low study time (2.0h),Support: attendance contract + guardian outreach
STU-0332,Dhruv Vora,Male,89.1,4.3,65.8,74.2,70.9,False,210.9,70.3,4.2,B,85-95%,4,4-6h,Science,Math,0,True,156,68.5,Mid Range,16.3,0,Low,3,None,None,Monitor
STU-0333,Parth Parekh,Male,69.3,3.7,52.1,48.9,48.5,False,149.5,49.8,2.0,D,60-75%,2,2-4h,Math,English,0,True,433,12.1,Lower Quartile,13.5,40,Medium,2,Attendance,Low attendance (69%); Low average (49.8),Support: attendance contract + guardian outreach
STU-0334,Myra Chauhan,Female,90.8,2.8,60.3,56.1,62.6,False,179.0,59.7,3.3,C,85-95%,4,2-4h,English,Science,0,True,320,35.1,Mid Range,21.3,13,Low,3,Academic Score,Low study time (2.8h),Monitor
STU-0335,Yash Parekh,Male,89.2,6.0,84.2,93.6,82.7,False,260.5,86.8,5.9,A,85-95%,4,6h+,Science,English,0,True,13,97.5,Top 10%,14.5,0,Low,3,None,None,Monitor
STU-0336,Nisha Nair,Female,85.6,3.0,32.8,40.9,38.9,False,112.6,37.5,4.2,F,85-95%,4,2-4h,Science,Math,2,False,487,1.2,Lower Quartile,12.5,55,Medium,2,Academic Score,Low average (37.5); Failing Math/English,Support: structured tutoring plan
STU-0337,Pihu Kulkarni,Male,89.2,6.7,78.0,76.8,83.3,False,238.1,79.4,3.5,B,85-95%,4,6h+,English,Science,0,True,53,89.3,Upper Quartile,11.9,0,Low,3,None,None,Monitor
STU-0338,Yash Rana,Male,79.8,2.3,65.9,54.5,63.1,False,183.5,61.2,5.9,C,75-85%,3,2-4h,Math,Science,0,True,295,40.2,Mid Range,26.6,13,Low,3,Academic Score,Low study time (2.3h),Monitor
STU-0339,Kunal Iyer,Male,59.2,0.9,54.4,60.1,52.6,False,167.1,55.7,3.9,C,<60%,1,<2h,Science,English,0,True,375,23.8,Lower Quartile,61.9,53,Medium,2,Attendance,Low attendance (59%); Low study time (0.9h),Support: attendance contract + guardian outreach
STU-0340,Naina Trivedi,Female,88.3,5.5,58.3,65.7,65.1,True,189.1,63.0,4.1,C,85-95%,4,4-6h,Science,Math,0,True,264,46.2,Mid Range,11.5,8,Low,3,Academic Score,None,Monitor
STU-0341,Shreya Bose,Female,88.2,5.8,89.8,74.7,84.7,False,249.2,83.1,7.7,B,85-95%,4,4-6h,Math,Science,0,True,27,94.7,Top 10%,14.3,0,Low,3,None,None,Monitor
STU-0342,Krish Parekh,Male,87.6,4.8,72.8,73.5,60.4,False,206.7,68.9,7.4,C,85-95%,4,4-6h,Science,English,0,True,176,64.2,Mid Range,14.4,0,Low,3,None,None,Monitor
STU-0343,Ira Sinha,Female,77.5,4.2,64.3,67.0,70.8,False,202.1,67.4,3.3,C,75-85%,3,4-6h,English,Math,0,True,201,59.3,Mid Range,16.0,0,Low,3,None,None,Monitor
STU-0344,Anika Kapoor,Female,92.0,5.9,78.3,68.3,75.2,False,221.8,73.9,5.1,B,85-95%,4,4-6h,Math,Science,0,True,107,78.4,Upper Quartile,12.5,0,Low,3,None,None,Monitor
STU-0345,Anika Das,Female,65.0,2.6,65.2,42.8,49.4,True,157.4,52.5,11.5,D,60-75%,2,2-4h,Math,Science,0,True,411,16.6,Lower Quartile,20.2,45,Medium,2,Attendance,Low attendance (65%); Low average (52.5); Low study time (2.6h),Support: attendance contract + guardian outreach
STU-0346,Dhruv Shah,Male,99.7,3.8,74.6,85.4,82.3,False,242.3,80.8,5.6,B,95-100%,5,2-4h,Science,Math,0,True,39,92.3,Top 10%,21.3,0,Low,3,None,None,Monitor
STU-0347,Diya Chauhan,Female,76.7,2.2,55.2,50.7,53.4,False,159.3,53.1,2.3,D,75-85%,3,2-4h,Math,Science,0,True,407,17.4,Lower Quartile,24.1,25,Low,3,Academic Score,Low average (53.1); Low study time (2.2h),Monitor
STU-0348,Ritika Trivedi,Female,93.8,3.2,69.9,62.1,67.8,False,199.8,66.6,4.0,C,85-95%,4,2-4h,Math,Science,0,True,212,57.0,Mid Range,20.8,0,Low,3,None,None,Monitor
STU-0349,Neel Pandey,Male,93.7,6.5,88.3,84.3,87.5,False,260.1,86.7,2.1,A,85-95%,4,6h+,Math,Science,0,True,15,97.2,Top 10%,13.3,0,Low,3,None,None,Monitor
STU-0350,Vihaan Malhotra,Male,87.5,4.4,75.2,72.9,72.0,False,220.1,73.4,1.7,B,85-95%,4,4-6h,Math,English,0,True,113,77.0,Upper Quartile,16.7,0,Low,3,None,None,Monitor
STU-0351,Tara Sharma,Male,76.8,1.4,64.3,69.7,68.4,False,202.4,67.5,2.8,C,75-85%,3,<2h,Science,Math,0,True,199,59.7,Mid Range,48.2,10,Low,3,Study Habits,Low study time (1.4h),Monitor
STU-0352,Reyansh Chauhan,Male,87.7,3.3,66.1,50.2,61.8,False,178.1,59.4,8.2,C,85-95%,4,2-4h,Math,Science,0,True,325,34.1,Mid Range,18.0,8,Low,3,Academic Score,None,Monitor
STU-0353,Kabir Parekh,Female,62.6,1.2,34.0,32.6,32.8,False,99.4,33.1,0.8,F,60-75%,2,<2h,Math,Science,3,False,491,0.4,Lower Quartile,27.6,100,High,1,Attendance,Low attendance (63%); Low average (33.1); Failing Math/Science/English; Low study time (1.2h),Escalate: attendance contract + guardian outreach
STU-0354,Tanmay Kapoor,Male,93.7,3.6,51.5,61.4,59.5,False,172.4,57.5,5.3,C,85-95%,4,2-4h,Science,Math,0,True,356,27.6,Mid Range,16.0,8,Low,3,Academic Score,None,Monitor
STU-0355,Aanya Chauhan,Female,82.3,2.6,66.9,62.6,64.4,False,193.9,64.6,2.2,C,75-85%,3,2-4h,Math,Science,0,True,240,51.4,Mid Range,24.8,13,Low,3,Academic Score,Low study time (2.6h),Monitor
STU-0356,Vanya Patel,Female,83.9,2.2,64.7,64.3,54.4,False,183.4,61.1,5.8,C,75-85%,3,2-4h,Math,English,0,True,296,39.8,Mid Range,27.8,13,Low,3,Academic Score,Low study time (2.2h),Monitor
STU-0357,Harsh Trivedi,Male,58.2,1.1,50.7,38.9,40.3,False,129.9,43.3,6.4,D,<60%,1,<2h,Math,Science,1,False,469,4.9,Lower Quartile,39.4,90,High,1,Attendance,Low attendance (58%); Low average (43.3); Failing Science; Low study time (1.1h),Escalate: attendance contract + guardian outreach
STU-0358,Diya Sharma,Female,75.6,3.5,55.0,54.7,64.9,False,174.6,58.2,5.8,C,75-85%,3,2-4h,English,Science,0,True,344,30.1,Mid Range,16.6,8,Low,3,Academic Score,None,Monitor
STU-0359,Arjun Agarwal,Male,54.4,2.2,54.0,63.2,56.2,True,173.4,57.8,4.8,C,<60%,1,2-4h,Science,Math,0,True,350,29.1,Mid Range,26.3,48,Medium,2,Attendance,Low attendance (54%); Low study time (2.2h),Support: attendance contract + guardian outreach
STU-0360,Vanya Bhatt,Female,79.2,2.7,54.3,52.4,44.6,False,151.3,50.4,5.1,D,75-85%,3,2-4h,Math,English,0,True,425,13.7,Lower Quartile,18.7,25,Low,3,Academic Score,Low average (50.4); Low study time (2.7h),Monitor
STU-0361,Ananya Malhotra,Female,86.1,2.4,66.7,67.9,60.8,False,195.4,65.1,3.8,C,85-95%,4,2-4h,Science,English,0,True,229,53.4,Mid Range,27.1,5,Low,3,Study Habits,Low study time (2.4h),Monitor
STU-0362,Navya Gupta,Female,92.6,6.1,93.5,95.8,98.7,False,288.0,96.0,2.6,A,85-95%,4,6h+,English,Math,0,True,1,100.0,Top 10%,15.7,0,Low,3,None,None,Monitor
STU-0363,Manav Singh,Male,74.6,2.1,56.9,52.3,66.1,False,175.3,58.4,7.0,C,60-75%,2,2-4h,English,Science,0,True,339,31.1,Mid Range,27.8,33,Medium,2,Attendance,Low attendance (75%); Low study time (2.1h),Support: attendance contract + guardian outreach
STU-0364,Nisha Bhatt,Female,78.3,2.9,74.9,62.3,64.6,False,201.8,67.3,6.7,C,75-85%,3,2-4h,Math,Science,0,True,202,58.9,Mid Range,23.2,5,Low,3,Study Habits,Low study time (2.9h),Monitor
STU-0365,Manav Trivedi,Male,83.6,3.1,49.2,65.7,65.5,False,180.4,60.1,9.5,C,75-85%,3,2-4h,Science,Math,0,True,312,36.6,Mid Range,19.4,8,Low,3,Academic Score,None,Monitor
STU-0366,Shreya Kulkarni,Female,75.4,3.4,50.2,46.5,52.3,False,149.0,49.7,2.9,D,75-85%,3,2-4h,English,Science,0,True,435,11.8,Lower Quartile,14.6,20,Low,3,Academic Score,Low average (49.7),Monitor
STU-0367,Vihaan Sharma,Male,83.9,0.8,30.8,34.0,41.7,True,106.5,35.5,5.6,F,75-85%,3,<2h,English,Math,2,False,489,0.8,Lower Quartile,44.4,65,High,1,Academic Score,Low average (35.5); Failing Math/Science; Low study time (0.8h),Escalate: structured tutoring plan
STU-0368,Vihaan Mehta,Male,66.0,1.7,43.6,39.8,34.3,False,117.7,39.2,4.7,F,60-75%,2,<2h,Math,English,2,False,480,2.6,Lower Quartile,23.1,85,High,1,Academic Score,Low attendance (66%); Low average (39.2); Failing Science/English; Low study time (1.7h),Escalate: structured tutoring plan
STU-0369,Ayaan Bhatt,Male,92.9,4.7,59.9,62.2,66.1,False,188.2,62.7,3.1,C,85-95%,4,4-6h,English,Math,0,True,272,44.7,Mid Range,13.3,8,Low,3,Academic Score,None,Monitor
STU-0370,Riya Verma,Female,95.7,1.4,57.1,67.4,70.6,False,195.1,65.0,7.1,C,95-100%,5,<2h,English,Math,0,True,233,52.8,Mid Range,46.4,10,Low,3,Study Habits,Low study time (1.4h),Monitor
STU-0371,Tanmay Chauhan,Male,71.9,2.8,62.6,61.7,63.4,False,187.7,62.6,0.9,C,60-75%,2,2-4h,English,Science,0,True,275,44.0,Mid Range,22.4,33,Medium,2,Attendance,Low attendance (72%); Low study time (2.8h),Support: attendance contract + guardian outreach
STU-0372,Kiara Nair,Female,93.6,3.8,67.4,72.8,67.8,False,208.0,69.3,3.0,C,85-95%,4,2-4h,Science,Math,0,True,166,66.3,Mid Range,18.2,0,Low,3,None,None,Monitor
STU-0373,Harsh Rana,Male,94.2,6.3,65.0,81.4,76.6,False,223.0,74.3,8.4,B,85-95%,4,6h+,Science,Math,0,True,100,79.7,Upper Quartile,11.8,0,Low,3,None,None,Monitor
STU-0374,Ishaan Jain,Male,92.2,6.0,81.7,83.7,76.8,False,242.2,80.7,3.6,B,85-95%,4,6h+,Science,English,0,True,40,92.1,Top 10%,13.4,0,Low,3,None,None,Monitor
STU-0375,Shreya Sharma,Female,79.0,1.5,68.4,63.2,61.8,True,193.4,64.5,3.5,C,75-85%,3,<2h,Math,English,0,True,241,51.1,Mid Range,43.0,18,Low,3,Study Habits,Low study time (1.5h),Monitor
STU-0376,Tanmay Bhatt,Male,85.4,2.7,70.7,54.6,62.2,False,187.5,62.5,8.1,C,85-95%,4,2-4h,Math,Science,0,True,279,43.5,Mid Range,23.1,13,Low,3,Academic Score,Low study time (2.7h),Monitor
STU-0377,Pihu Bose,Female,65.0,1.6,55.1,47.5,54.3,False,156.9,52.3,4.2,D,60-75%,2,<2h,Math,Science,0,True,415,15.9,Lower Quartile,32.7,50,Medium,2,Attendance,Low attendance (65%); Low average (52.3); Low study time (1.6h),Support: attendance contract + guardian outreach
STU-0378,Riya Thakur,Female,82.6,5.0,67.7,67.0,66.5,False,201.2,67.1,0.6,C,75-85%,3,4-6h,Math,English,0,True,206,58.1,Mid Range,13.4,0,Low,3,None,None,Monitor
STU-0379,Karan Das,Male,51.4,0.5,48.1,35.9,47.8,False,131.8,43.9,7.0,D,<60%,1,<2h,Math,Science,1,False,466,5.5,Lower Quartile,87.8,90,High,1,Attendance,Low attendance (51%); Low average (43.9); Failing Science; Low study time (0.5h),Escalate: attendance contract + guardian outreach
STU-0380,Aditya Nair,Male,83.9,4.3,66.0,47.6,60.2,True,173.8,57.9,9.4,C,75-85%,3,4-6h,Math,Science,0,True,349,29.3,Mid Range,13.5,8,Low,3,Academic Score,None,Monitor
STU-0381,Reyansh Singh,Male,80.6,3.9,58.5,47.6,45.2,False,151.3,50.4,7.1,D,75-85%,3,2-4h,Math,English,0,True,425,13.7,Lower Quartile,12.9,20,Low,3,Academic Score,Low average (50.4),Monitor
STU-0382,Tara Pandey,Female,91.6,5.9,67.8,70.6,79.8,False,218.2,72.7,6.3,B,85-95%,4,4-6h,English,Math,0,True,125,74.6,Mid Range,12.3,0,Low,3,None,None,Monitor
STU-0383,Aditi Das,Female,81.4,4.6,68.3,63.1,65.7,False,197.1,65.7,2.6,C,75-85%,3,4-6h,Math,Science,0,True,224,54.5,Mid Range,14.3,0,Low,3,None,None,Monitor
STU-0384,Kunal Jain,Male,76.1,2.2,50.7,44.7,39.0,False,134.4,44.8,5.9,D,75-85%,3,2-4h,Math,English,1,False,461,6.5,Lower Quartile,20.4,50,Medium,2,Academic Score,Low average (44.8); Failing English; Low study time (2.2h),Support: structured tutoring plan
STU-0385,Ayaan Sinha,Male,71.2,1.5,41.6,58.0,56.6,False,156.2,52.1,9.1,D,60-75%,2,<2h,Science,Math,0,True,416,15.7,Lower Quartile,34.7,50,Medium,2,Attendance,Low attendance (71%); Low average (52.1); Low study time (1.5h),Support: attendance contract + guardian outreach
STU-0386,Kabir Thakur,Male,77.3,1.3,65.2,53.7,41.8,True,160.7,53.6,11.7,D,75-85%,3,<2h,Math,English,0,True,402,18.4,Lower Quartile,41.2,30,Medium,2,Academic Score,Low average (53.6); Low study time (1.3h),Support: structured tutoring plan
STU-0387,Neel Desai,Male,89.7,3.9,66.8,66.5,56.8,False,190.1,63.4,5.7,C,85-95%,4,2-4h,Math,English,0,True,257,47.8,Mid Range,16.3,8,Low,3,Academic Score,None,Monitor
STU-0388,Pooja Menon,Female,92.4,4.9,68.7,65.9,66.4,False,201.0,67.0,1.5,C,85-95%,4,4-6h,Math,Science,0,True,209,57.7,Mid Range,13.7,0,Low,3,None,None,Monitor
STU-0389,Navya Vora,Female,100.0,5.1,86.1,75.5,79.0,False,240.6,80.2,5.4,B,95-100%,5,4-6h,Math,Science,0,True,42,91.7,Top 10%,15.7,0,Low,3,None,None,Monitor
STU-0390,Tanmay Desai,Male,95.5,5.6,81.0,78.4,80.3,False,239.7,79.9,1.3,B,95-100%,5,4-6h,Math,Science,0,True,44,91.0,Top 10%,14.3,0,Low,3,None,None,Monitor
STU-0391,Jiya Shah,Female,90.8,2.6,52.6,54.6,59.6,False,166.8,55.6,3.6,C,85-95%,4,2-4h,English,Math,0,True,378,23.3,Lower Quartile,21.4,13,Low,3,Academic Score,Low study time (2.6h),Monitor
STU-0392,Kabir Mehta,Male,83.9,1.5,60.1,58.9,50.9,True,169.9,56.6,5.0,C,75-85%,3,<2h,Math,English,0,True,365,25.9,Mid Range,37.7,18,Low,3,Study Habits,Low study time (1.5h),Monitor
STU-0393,Kunal Trivedi,Male,83.9,2.6,63.4,79.2,70.6,False,213.2,71.1,7.9,B,75-85%,3,2-4h,Science,Math,0,True,144,70.9,Mid Range,27.3,5,Low,3,Study Habits,Low study time (2.6h),Monitor
STU-0394,Saanvi Mehta,Female,80.3,2.1,55.6,56.3,65.0,False,176.9,59.0,5.2,C,75-85%,3,2-4h,English,Math,0,True,330,33.0,Mid Range,28.1,13,Low,3,Academic Score,Low study time (2.1h),Monitor
STU-0395,Anika Thakur,Female,80.2,3.1,67.0,64.6,54.9,False,186.5,62.2,6.4,C,75-85%,3,2-4h,Math,English,0,True,282,42.7,Mid Range,20.1,8,Low,3,Academic Score,None,Monitor
STU-0396,Navya Singh,Female,79.6,3.2,65.3,58.3,59.0,False,182.6,60.9,3.9,C,75-85%,3,2-4h,Math,Science,0,True,300,39.0,Mid Range,19.0,8,Low,3,Academic Score,None,Monitor
STU-0397,Dhruv Rana,Male,87.5,6.3,65.2,62.4,79.6,True,207.2,69.1,9.2,C,85-95%,4,6h+,English,Science,0,True,173,64.9,Mid Range,11.0,0,Low,3,None,None,Monitor
STU-0398,Mihir Nair,Male,89.2,4.2,78.5,75.8,80.7,False,235.0,78.3,2.5,B,85-95%,4,4-6h,English,Science,0,True,65,86.7,Upper Quartile,18.6,0,Low,3,None,None,Monitor
STU-0399,Mihir Desai,Male,76.9,5.6,72.4,79.1,75.3,False,226.8,75.6,3.4,B,75-85%,3,4-6h,Science,Math,0,True,88,82.3,Upper Quartile,13.5,0,Low,3,None,None,Monitor
STU-0400,Arjun Sinha,Male,70.4,1.8,60.1,51.4,48.9,False,160.4,53.5,5.9,D,60-75%,2,<2h,Math,English,0,True,404,18.0,Lower Quartile,29.7,50,Medium,2,Attendance,Low attendance (70%); Low average (53.5); Low study time (1.8h),Support: attendance contract + guardian outreach
STU-0401,Avni Joshi,Female,99.5,6.0,81.7,78.9,84.9,False,245.5,81.8,3.0,B,95-100%,5,6h+,English,Science,0,True,33,93.5,Top 10%,13.6,0,Low,3,None,None,Monitor
STU-0402,Pihu Desai,Female,90.0,5.1,83.1,66.8,85.3,False,235.2,78.4,10.1,B,85-95%,4,4-6h,English,Science,0,True,64,87.2,Upper Quartile,15.4,0,Low,3,None,None,Monitor
STU-0403,Ayaan Verma,Male,83.9,5.3,76.6,67.0,78.4,True,222.0,74.0,6.1,B,75-85%,3,4-6h,English,Science,0,True,104,78.9,Upper Quartile,14.0,0,Low,3,None,None,Monitor
STU-0404,Ananya Vora,Female,91.6,4.7,84.2,82.0,83.4,False,249.6,83.2,1.1,B,85-95%,4,4-6h,Math,Science,0,True,26,94.9,Top 10%,17.7,0,Low,3,None,None,Monitor
STU-0405,Raj Desai,Male,78.1,3.7,71.9,65.8,70.2,False,207.9,69.3,3.1,C,75-85%,3,2-4h,Math,Science,0,True,166,66.3,Mid Range,18.7,0,Low,3,None,None,Monitor
STU-0406,Aanya Modi,Female,61.8,3.8,50.6,40.2,49.4,True,140.2,46.7,5.7,D,60-75%,2,2-4h,Math,Science,0,True,449,8.8,Lower Quartile,12.3,55,Medium,2,Attendance,Low attendance (62%); Low average (46.7),Support: attendance contract + guardian outreach
STU-0407,Mihir Modi,Male,85.6,4.5,51.9,56.8,51.3,False,160.0,53.3,3.0,D,85-95%,4,4-6h,Science,English,0,True,406,17.7,Lower Quartile,11.8,20,Low,3,Academic Score,Low average (53.3),Monitor
STU-0408,Rohan Joshi,Male,85.5,4.2,92.0,74.5,65.7,False,232.2,77.4,13.4,B,85-95%,4,4-6h,Math,English,0,True,77,84.6,Upper Quartile,18.4,0,Low,3,None,None,Monitor
STU-0409,Avni Patel,Female,83.9,2.6,63.7,58.1,65.9,False,187.7,62.6,4.0,C,75-85%,3,2-4h,English,Science,0,True,275,44.0,Mid Range,24.1,13,Low,3,Academic Score,Low study time (2.6h),Monitor
STU-0410,Krish Bhatt,Male,82.8,3.6,57.2,55.9,52.1,False,165.2,55.1,2.7,C,75-85%,3,2-4h,Math,English,0,True,382,22.4,Lower Quartile,15.3,8,Low,3,Academic Score,None,Monitor
STU-0411,Veer Verma,Male,78.5,3.1,46.9,48.1,57.9,False,152.9,51.0,6.0,D,75-85%,3,2-4h,English,Math,0,True,421,14.5,Lower Quartile,16.5,20,Low,3,Academic Score,Low average (51.0),Monitor
STU-0412,Veer Agarwal,Male,79.1,3.7,64.7,62.7,59.6,False,187.0,62.3,2.6,C,75-85%,3,2-4h,Math,English,0,True,281,43.1,Mid Range,16.8,8,Low,3,Academic Score,None,Monitor
STU-0413,Aditya Reddy,Male,87.7,4.0,73.6,65.6,68.0,False,207.2,69.1,4.1,C,85-95%,4,4-6h,Math,Science,0,True,173,64.9,Mid Range,17.3,0,Low,3,None,None,Monitor
STU-0414,Vihaan Bhatt,Male,83.9,4.1,65.9,68.5,74.5,True,208.9,69.6,4.4,C,75-85%,3,4-6h,English,Math,0,True,161,67.4,Mid Range,17.0,0,Low,3,None,None,Monitor
STU-0415,Aditya Desai,Male,80.5,3.3,61.3,78.7,71.3,False,211.3,70.4,8.7,B,75-85%,3,2-4h,Science,Math,0,True,153,68.9,Mid Range,21.3,0,Low,3,None,None,Monitor
STU-0416,Aditi Kulkarni,Female,61.9,2.0,48.9,38.6,45.3,False,132.8,44.3,5.2,D,60-75%,2,2-4h,Math,Science,1,False,463,6.0,Lower Quartile,22.2,85,High,1,Attendance,Low attendance (62%); Low average (44.3); Failing Science; Low study time (2.0h),Escalate: attendance contract + guardian outreach
STU-0417,Ananya Joshi,Female,83.9,6.9,68.3,77.2,76.4,False,221.9,74.0,4.9,B,75-85%,3,6h+,Science,Math,0,True,104,78.9,Upper Quartile,10.7,0,Low,3,None,None,Monitor
STU-0418,Kabir Das,Male,91.6,4.4,80.9,66.2,82.6,False,229.7,76.6,9.0,B,85-95%,4,4-6h,English,Science,0,True,81,83.7,Upper Quartile,17.4,0,Low,3,None,None,Monitor
STU-0419,Aditya Agarwal,Male,95.6,4.3,73.9,83.9,66.3,False,224.1,74.7,8.8,B,95-100%,5,4-6h,Science,English,0,True,95,80.8,Upper Quartile,17.4,0,Low,3,None,None,Monitor
STU-0420,Pooja Joshi,Female,75.3,2.1,59.1,51.1,62.1,False,172.3,57.4,5.7,C,75-85%,3,2-4h,English,Science,0,True,359,27.1,Mid Range,27.3,13,Low,3,Academic Score,Low study time (2.1h),Monitor
STU-0421,Nisha Sharma,Female,74.3,3.3,72.6,73.5,63.7,False,209.8,69.9,5.4,C,60-75%,2,2-4h,Science,English,0,True,159,67.9,Mid Range,21.2,20,Low,3,Attendance,Low attendance (74%),Monitor
STU-0422,Trisha Reddy,Female,45.1,1.6,39.3,40.7,44.4,False,124.4,41.5,2.6,D,<60%,1,<2h,English,Math,1,False,474,3.9,Lower Quartile,25.9,90,High,1,Attendance,Low attendance (45%); Low average (41.5); Failing Math; Low study time (1.6h),Escalate: attendance contract + guardian outreach
STU-0423,Pooja Shah,Female,79.6,4.8,64.5,82.5,73.2,False,220.2,73.4,9.0,B,75-85%,3,4-6h,Science,Math,0,True,113,77.0,Upper Quartile,15.3,0,Low,3,None,None,Monitor
STU-0424,Ritika Verma,Female,83.4,5.2,66.9,71.6,79.1,False,217.6,72.5,6.2,B,75-85%,3,4-6h,English,Math,0,True,128,74.2,Mid Range,13.9,0,Low,3,None,None,Monitor
STU-0425,Krish Sinha,Male,89.6,6.2,83.3,70.8,87.2,False,241.3,80.4,8.6,B,85-95%,4,6h+,English,Science,0,True,41,91.9,Top 10%,13.0,0,Low,3,None,None,Monitor
STU-0426,Om Pandey,Male,93.3,5.1,67.2,70.5,75.9,False,213.6,71.2,4.4,B,85-95%,4,4-6h,English,Math,0,True,140,71.4,Mid Range,14.0,0,Low,3,None,None,Monitor
STU-0427,Bhavya Singh,Female,62.5,0.5,35.3,50.0,46.1,False,131.4,43.8,7.6,D,60-75%,2,<2h,Science,Math,1,False,467,5.3,Lower Quartile,87.6,90,High,1,Attendance,Low attendance (62%); Low average (43.8); Failing Math; Low study time (0.5h),Escalate: attendance contract + guardian outreach
STU-0428,Trisha Das,Female,85.0,4.2,76.5,77.9,89.5,False,243.9,81.3,7.1,B,85-95%,4,4-6h,English,Math,0,True,35,93.1,Top 10%,19.4,0,Low,3,None,None,Monitor
STU-0429,Ayaan Sharma,Female,85.4,4.4,69.4,71.1,68.4,False,208.9,69.6,1.4,C,85-95%,4,4-6h,Science,English,0,True,161,67.4,Mid Range,15.8,0,Low,3,None,None,Monitor
STU-0430,Zara Parekh,Female,85.2,5.1,67.9,70.6,69.9,False,208.4,69.5,1.4,C,85-95%,4,4-6h,Science,Math,0,True,163,67.0,Mid Range,13.6,0,Low,3,None,None,Monitor
STU-0431,Manav Kapoor,Male,63.2,3.8,30.1,63.2,28.6,True,121.9,40.6,19.6,D,60-75%,2,2-4h,Science,English,2,False,476,3.4,Lower Quartile,10.7,90,High,1,Attendance,Low attendance (63%); Low average (40.6); Failing Math/English,Escalate: attendance contract + guardian outreach
STU-0432,Ritika Sinha,Female,85.0,3.2,58.3,63.2,73.8,False,195.3,65.1,7.9,C,85-95%,4,2-4h,English,Math,0,True,229,53.4,Mid Range,20.3,0,Low,3,None,None,Monitor
STU-0433,Myra Jain,Female,100.0,6.1,78.4,70.7,87.2,False,236.3,78.8,8.3,B,95-100%,5,6h+,English,Science,0,True,58,88.4,Upper Quartile,12.9,0,Low,3,None,None,Monitor
STU-0434,Tanmay Parekh,Male,71.1,4.0,70.1,58.1,77.0,False,205.2,68.4,9.6,C,60-75%,2,4-6h,English,Science,0,True,186,62.4,Mid Range,17.1,20,Low,3,Attendance,Low attendance (71%),Monitor
STU-0435,Sahil Vora,Male,83.0,6.3,87.2,91.7,81.5,False,260.4,86.8,5.1,A,75-85%,3,6h+,Science,English,0,True,13,97.5,Top 10%,13.8,0,Low,3,None,None,Monitor
STU-0436,Ishaan Trivedi,Male,81.7,5.1,77.2,73.1,74.0,False,224.3,74.8,2.2,B,75-85%,3,4-6h,Math,Science,0,True,93,81.2,Upper Quartile,14.7,0,Low,3,None,None,Monitor
STU-0437,Sneha Chauhan,Female,93.1,4.4,68.3,82.1,75.8,False,226.2,75.4,6.9,B,85-95%,4,4-6h,Science,Math,0,True,89,82.0,Upper Quartile,17.1,0,Low,3,None,None,Monitor
STU-0438,Naina Thakur,Female,89.1,5.0,65.2,82.9,86.0,True,234.1,78.0,11.2,B,85-95%,4,4-6h,English,Math,0,True,70,85.9,Upper Quartile,15.6,0,Low,3,None,None,Monitor
STU-0439,Siddharth Rana,Male,87.8,4.0,78.1,69.0,56.9,False,204.0,68.0,10.6,C,85-95%,4,4-6h,Math,English,0,True,192,61.1,Mid Range,17.0,0,Low,3,None,None,Monitor
STU-0440,Karan Sharma,Male,82.7,3.8,83.4,85.1,88.9,False,257.4,85.8,2.8,A,75-85%,3,2-4h,English,Math,0,True,18,96.5,Top 10%,22.6,0,Low,3,None,None,Monitor
STU-0441,Myra Vora,Female,91.1,2.5,54.9,54.2,65.9,False,175.0,58.3,6.6,C,85-95%,4,2-4h,English,Science,0,True,342,30.6,Mid Range,23.3,13,Low,3,Academic Score,Low study time (2.5h),Monitor
STU-0442,Dev Shah,Male,73.3,2.0,56.7,55.2,55.4,False,167.3,55.8,0.8,C,60-75%,2,2-4h,Math,Science,0,True,372,24.4,Lower Quartile,27.9,33,Medium,2,Attendance,Low attendance (73%); Low study time (2.0h),Support: attendance contract + guardian outreach
STU-0443,Ishaan Joshi,Male,77.3,0.6,53.2,38.7,47.0,False,138.9,46.3,7.3,D,75-85%,3,<2h,Math,Science,1,False,453,8.1,Lower Quartile,77.2,40,Medium,2,Academic Score,Low average (46.3); Failing Science; Low study time (0.6h),Support: structured tutoring plan
STU-0444,Siddharth Chauhan,Male,83.9,4.6,77.9,60.1,62.5,True,200.5,66.8,9.7,C,75-85%,3,4-6h,Math,Science,0,True,210,57.4,Mid Range,14.5,0,Low,3,None,None,Monitor
STU-0445,Aanya Rana,Male,86.6,2.5,56.3,63.2,60.7,False,180.2,60.1,3.5,C,85-95%,4,2-4h,Science,Math,0,True,312,36.6,Mid Range,24.0,13,Low,3,Academic Score,Low study time (2.5h),Monitor
STU-0446,Sara Sharma,Female,58.9,1.6,53.1,54.4,53.5,False,161.0,53.7,0.7,D,<60%,1,<2h,Science,Math,0,True,400,18.8,Lower Quartile,33.6,65,High,1,Attendance,Low attendance (59%); Low average (53.7); Low study time (1.6h),Escalate: attendance contract + guardian outreach
STU-0447,Harsh Bose,Male,89.2,3.8,70.9,73.0,57.3,True,201.2,67.1,8.5,C,85-95%,4,2-4h,Science,English,0,True,206,58.1,Mid Range,17.7,0,Low,3,None,None,Monitor
STU-0448,Jiya Nair,Female,85.7,5.2,73.4,82.6,87.5,False,243.5,81.2,7.2,B,85-95%,4,4-6h,English,Math,0,True,36,92.9,Top 10%,15.6,0,Low,3,None,None,Monitor
STU-0449,Ira Bose,Female,64.0,1.5,47.5,49.3,58.0,False,154.8,51.6,5.6,D,60-75%,2,<2h,English,Math,0,True,418,15.1,Lower Quartile,34.4,65,High,1,Attendance,Low attendance (64%); Low average (51.6); Low study time (1.5h),Escalate: attendance contract + guardian outreach
STU-0450,Om Sinha,Male,93.8,3.3,64.7,66.5,58.5,False,189.7,63.2,4.2,C,85-95%,4,2-4h,Science,English,0,True,260,47.3,Mid Range,19.2,8,Low,3,Academic Score,None,Monitor
STU-0451,Naina Vora,Female,58.8,2.3,76.1,69.0,74.3,False,219.4,73.1,3.7,B,<60%,1,2-4h,Math,Science,0,True,117,76.3,Upper Quartile,31.8,40,Medium,2,Attendance,Low attendance (59%); Low study time (2.3h),Support: attendance contract + guardian outreach
STU-0452,Jiya Agarwal,Female,76.5,5.3,78.2,73.4,72.4,False,224.0,74.7,3.1,B,75-85%,3,4-6h,Math,English,0,True,95,80.8,Upper Quartile,14.1,0,Low,3,None,None,Monitor
STU-0453,Om Chauhan,Male,77.9,4.5,60.3,56.4,62.2,False,178.9,59.6,3.0,C,75-85%,3,4-6h,English,Science,0,True,322,34.6,Mid Range,13.2,8,Low,3,Academic Score,None,Monitor
STU-0454,Karan Malhotra,Male,82.8,3.6,58.8,60.8,54.3,False,173.9,58.0,3.3,C,75-85%,3,2-4h,Science,English,0,True,348,29.5,Mid Range,16.1,8,Low,3,Academic Score,None,Monitor
STU-0455,Pooja Vora,Female,83.5,3.8,61.4,61.4,55.1,False,177.9,59.3,3.6,C,75-85%,3,2-4h,Math,English,0,True,326,33.6,Mid Range,15.6,8,Low,3,Academic Score,None,Monitor
STU-0456,Aditi Parekh,Female,76.0,2.4,58.9,58.4,71.7,False,189.0,63.0,7.5,C,75-85%,3,2-4h,English,Science,0,True,264,46.2,Mid Range,26.2,13,Low,3,Academic Score,Low study time (2.4h),Monitor
STU-0457,Aarav Modi,Male,88.1,6.3,78.9,74.2,73.0,False,226.1,75.4,3.1,B,85-95%,4,6h+,Math,English,0,True,89,82.0,Upper Quartile,12.0,0,Low,3,None,None,Monitor
STU-0458,Naina Das,Female,70.0,3.8,49.4,46.2,65.1,True,160.7,53.6,10.1,D,60-75%,2,2-4h,English,Science,0,True,402,18.4,Lower Quartile,14.1,40,Medium,2,Attendance,Low attendance (70%); Low average (53.6),Support: attendance contract + guardian outreach
STU-0459,Pooja Trivedi,Female,99.7,4.8,66.8,69.5,75.9,False,212.2,70.7,4.7,B,95-100%,5,4-6h,English,Math,0,True,148,69.9,Mid Range,14.7,0,Low,3,None,None,Monitor
STU-0460,Reyansh Vora,Male,95.8,3.8,70.3,67.8,68.5,True,206.6,68.9,1.3,C,95-100%,5,2-4h,Math,Science,0,True,176,64.2,Mid Range,18.1,0,Low,3,None,None,Monitor
STU-0461,Shreya Rana,Female,73.1,4.9,68.3,67.2,69.9,False,205.4,68.5,1.4,C,60-75%,2,4-6h,English,Science,0,True,185,62.6,Mid Range,14.0,20,Low,3,Attendance,Low attendance (73%),Monitor
STU-0462,Arjun Verma,Male,73.5,1.8,46.1,52.0,48.9,False,147.0,49.0,3.0,D,60-75%,2,<2h,Science,Math,0,True,438,11.2,Lower Quartile,27.2,50,Medium,2,Attendance,Low attendance (74%); Low average (49.0); Low study time (1.8h),Support: attendance contract + guardian outreach
STU-0463,Pihu Patel,Female,78.1,3.9,74.2,63.2,71.7,True,209.1,69.7,5.8,C,75-85%,3,2-4h,Math,Science,0,True,160,67.7,Mid Range,17.9,0,Low,3,None,None,Monitor
STU-0464,Parth Nair,Male,73.6,5.8,72.6,86.0,80.8,False,239.4,79.8,6.8,B,60-75%,2,4-6h,Science,Math,0,True,48,90.4,Top 10%,13.8,20,Low,3,Attendance,Low attendance (74%),Monitor
STU-0465,Pranav Thakur,Male,62.9,2.4,58.0,53.6,50.4,False,162.0,54.0,3.8,D,60-75%,2,2-4h,Math,English,0,True,392,20.4,Lower Quartile,22.5,60,High,1,Attendance,Low attendance (63%); Low average (54.0); Low study time (2.4h),Escalate: attendance contract + guardian outreach
STU-0466,Navya Sharma,Female,79.0,3.3,69.2,73.1,57.1,False,199.4,66.5,8.3,C,75-85%,3,2-4h,Science,English,0,True,214,56.5,Mid Range,20.2,0,Low,3,None,None,Monitor
STU-0467,Sahil Reddy,Male,75.4,3.0,58.6,62.1,61.9,False,182.6,60.9,2.0,C,75-85%,3,2-4h,Science,Math,0,True,300,39.0,Mid Range,20.3,8,Low,3,Academic Score,None,Monitor
STU-0468,Isha Pandey,Female,83.9,1.6,28.0,40.9,34.6,True,103.5,34.5,6.5,F,75-85%,3,<2h,Science,Math,2,False,490,0.6,Lower Quartile,21.6,65,High,1,Academic Score,Low average (34.5); Failing Math/English; Low study time (1.6h),Escalate: structured tutoring plan
STU-0469,Vihaan Sinha,Male,70.7,3.1,63.3,51.7,52.0,False,167.0,55.7,6.6,C,60-75%,2,2-4h,Math,Science,0,True,375,23.8,Lower Quartile,18.0,28,Low,3,Attendance,Low attendance (71%),Monitor
STU-0470,Bhavya Shah,Female,85.9,3.3,51.1,58.3,67.0,False,176.4,58.8,8.0,C,85-95%,4,2-4h,English,Math,0,True,332,32.7,Mid Range,17.8,8,Low,3,Academic Score,None,Monitor
STU-0471,Jiya Menon,Female,87.2,3.9,74.5,79.7,79.1,False,233.3,77.8,2.8,B,85-95%,4,2-4h,Science,Math,0,True,75,85.0,Upper Quartile,19.9,0,Low,3,None,None,Monitor
STU-0472,Navya Verma,Female,95.1,4.6,71.8,74.6,70.2,False,216.6,72.2,2.2,B,95-100%,5,4-6h,Science,English,0,True,130,73.7,Mid Range,15.7,0,Low,3,None,None,Monitor
STU-0473,Mihir Pandey,Male,77.1,4.1,71.2,78.7,58.2,False,208.1,69.4,10.4,C,75-85%,3,4-6h,Science,English,0,True,165,66.7,Mid Range,16.9,0,Low,3,None,None,Monitor
STU-0474,Aditya Patel,Male,71.7,1.9,57.5,63.2,71.2,False,191.9,64.0,6.9,C,60-75%,2,<2h,English,Math,0,True,249,49.6,Mid Range,33.7,38,Medium,2,Attendance,Low attendance (72%); Low study time (1.9h),Support: attendance contract + guardian outreach
STU-0475,Priya Mehta,Female,80.2,3.8,81.6,84.3,85.2,False,251.1,83.7,1.9,B,75-85%,3,2-4h,English,Math,0,True,23,95.5,Top 10%,22.0,0,Low,3,None,None,Monitor
STU-0476,Trisha Kulkarni,Female,88.8,2.4,50.5,42.3,46.9,False,139.7,46.6,4.1,D,85-95%,4,2-4h,Math,Science,0,True,451,8.5,Lower Quartile,19.4,25,Low,3,Academic Score,Low average (46.6); Low study time (2.4h),Monitor
STU-0477,Anika Malhotra,Female,92.9,6.9,68.6,77.2,76.0,False,221.8,73.9,4.7,B,85-95%,4,6h+,Science,Math,0,True,107,78.4,Upper Quartile,10.7,0,Low,3,None,None,Monitor
STU-0478,Rohan Bhatt,Male,51.6,1.9,39.9,41.8,33.3,False,115.0,38.3,4.5,F,<60%,1,<2h,Science,English,2,False,484,1.7,Lower Quartile,20.2,100,High,1,Attendance,Low attendance (52%); Low average (38.3); Failing Math/English; Low study time (1.9h),Escalate: attendance contract + guardian outreach
STU-0479,Priya Kulkarni,Female,91.4,5.3,64.6,63.1,78.3,False,206.0,68.7,8.4,C,85-95%,4,4-6h,English,Science,0,True,180,63.4,Mid Range,13.0,0,Low,3,None,None,Monitor
STU-0480,Dev Agarwal,Male,94.8,5.7,61.3,63.7,65.5,False,190.5,63.5,2.1,C,85-95%,4,4-6h,English,Math,0,True,255,48.3,Mid Range,11.1,8,Low,3,Academic Score,None,Monitor
STU-0481,Jay Trivedi,Male,88.7,2.5,57.5,74.5,66.2,False,198.2,66.1,8.5,C,85-95%,4,2-4h,Science,Math,0,True,220,55.4,Mid Range,26.4,5,Low,3,Study Habits,Low study time (2.5h),Monitor
STU-0482,Saanvi Thakur,Female,92.3,5.1,64.3,62.0,66.9,False,193.2,64.4,2.5,C,85-95%,4,4-6h,English,Science,0,True,243,50.4,Mid Range,12.6,8,Low,3,Academic Score,None,Monitor
STU-0483,Karan Reddy,Female,94.2,3.5,67.9,60.1,76.9,False,204.9,68.3,8.4,C,85-95%,4,2-4h,English,Science,0,True,187,62.1,Mid Range,19.5,0,Low,3,None,None,Monitor
STU-0484,Riya Desai,Female,91.0,5.2,70.9,68.3,77.0,False,216.2,72.1,4.5,B,85-95%,4,4-6h,English,Science,0,True,132,73.3,Mid Range,13.9,0,Low,3,None,None,Monitor
STU-0485,Neel Bose,Male,83.5,3.4,67.6,63.2,70.8,True,201.6,67.2,3.8,C,75-85%,3,2-4h,English,Science,0,True,205,58.5,Mid Range,19.8,0,Low,3,None,None,Monitor
STU-0486,Aarav Pandey,Male,96.8,6.6,81.4,87.1,87.6,False,256.1,85.4,3.4,A,95-100%,5,6h+,English,Math,0,True,19,96.3,Top 10%,12.9,0,Low,3,None,None,Monitor
STU-0487,Aarav Chauhan,Male,100.0,5.5,86.5,84.1,65.1,True,235.7,78.6,11.7,B,95-100%,5,4-6h,Math,English,0,True,59,87.9,Upper Quartile,14.3,0,Low,3,None,None,Monitor
STU-0488,Pihu Parekh,Female,96.8,4.2,75.7,71.1,72.2,False,219.0,73.0,2.4,B,95-100%,5,4-6h,Math,Science,0,True,119,76.0,Upper Quartile,17.4,0,Low,3,None,None,Monitor
STU-0489,Riya Gupta,Female,86.9,5.9,85.9,84.8,90.3,False,261.0,87.0,2.9,A,85-95%,4,4-6h,English,Science,0,True,12,97.8,Top 10%,14.7,0,Low,3,None,None,Monitor
STU-0490,Vanya Vora,Female,69.5,3.6,63.5,62.7,75.1,False,201.3,67.1,6.9,C,60-75%,2,2-4h,English,Science,0,True,206,58.1,Mid Range,18.6,20,Low,3,Attendance,Low attendance (70%),Monitor
STU-0491,Sneha Pandey,Female,93.9,3.5,51.4,47.6,50.4,False,149.4,49.8,2.0,D,85-95%,4,2-4h,Math,Science,0,True,433,12.1,Lower Quartile,14.2,20,Low,3,Academic Score,Low average (49.8),Monitor
STU-0492,Sneha Bose,Female,78.7,2.4,51.9,46.0,52.7,False,150.6,50.2,3.7,D,75-85%,3,2-4h,English,Science,0,True,429,12.9,Lower Quartile,20.9,25,Low,3,Academic Score,Low average (50.2); Low study time (2.4h),Monitor
